date,temperature_2m,precipitation_probability,wind_speed_10m,uv_index,uv_index_clear_sky,is_day,sunshine_duration,direct_radiation
2024-04-01 06:00:00+00:00,21.5835,0.0,6.12,0.0,0.0,0.0,0.0,0.0
2024-04-01 07:00:00+00:00,20.933498,0.0,5.3999996,0.0,0.0,0.0,0.0,0.0
2024-04-01 08:00:00+00:00,20.3335,0.0,5.4119864,0.0,0.0,0.0,0.0,0.0
2024-04-01 09:00:00+00:00,19.783499,0.0,4.73506,0.0,0.0,0.0,0.0,0.0
2024-04-01 10:00:00+00:00,19.2335,0.0,4.1046314,0.0,0.0,0.0,0.0,0.0
2024-04-01 11:00:00+00:00,18.5835,0.0,4.2136917,0.0,0.0,0.0,0.0,0.0
2024-04-01 12:00:00+00:00,17.3835,0.0,4.0249224,0.0,0.0,0.0,0.0,0.0
2024-04-01 13:00:00+00:00,16.7335,0.0,3.6,0.0,0.0,1.0,0.0,1.0
2024-04-01 14:00:00+00:00,18.0835,0.0,3.563818,0.65,0.65,1.0,3140.048,82.0
2024-04-01 15:00:00+00:00,21.7335,0.0,4.0249224,2.3,2.45,1.0,3600.0,300.0
2024-04-01 16:00:00+00:00,24.3335,0.0,9.178235,4.5,4.75,1.0,3600.0,531.0
2024-04-01 17:00:00+00:00,26.5835,0.0,13.783817,6.9,6.95,1.0,3600.0,727.0
2024-04-01 18:00:00+00:00,27.5835,0.0,15.30741,8.45,8.6,1.0,3600.0,849.0
2024-04-01 19:00:00+00:00,29.5835,0.0,17.49615,9.25,9.45,1.0,3600.0,849.0
2024-04-01 20:00:00+00:00,30.3335,0.0,21.734581,8.6,9.4,1.0,3600.0,653.0
2024-04-01 21:00:00+00:00,30.283499,0.0,23.34455,7.5,8.45,1.0,3600.0,610.0
2024-04-01 22:00:00+00:00,29.783499,0.0,23.219301,6.1,6.75,1.0,3600.0,393.0
2024-04-01 23:00:00+00:00,29.033499,0.0,22.728518,4.15,4.55,1.0,3600.0,345.0
2024-04-02 00:00:00+00:00,27.4835,0.0,22.065973,2.1,2.25,1.0,3600.0,181.0
2024-04-02 01:00:00+00:00,25.433498,0.0,19.64228,0.5,0.5,1.0,2807.3035,57.0
2024-04-02 02:00:00+00:00,23.7335,0.0,16.45007,0.0,0.0,0.0,0.0,0.0
2024-04-02 03:00:00+00:00,22.3335,0.0,14.458382,0.0,0.0,0.0,0.0,0.0
2024-04-02 04:00:00+00:00,21.3835,0.0,12.144331,0.0,0.0,0.0,0.0,0.0
2024-04-02 05:00:00+00:00,20.6335,0.0,10.538843,0.0,0.0,0.0,0.0,0.0
2024-04-02 06:00:00+00:00,20.433498,0.0,8.311245,0.0,0.0,0.0,0.0,0.0
2024-04-02 07:00:00+00:00,19.933498,0.0,6.87779,0.0,0.0,0.0,0.0,0.0
2024-04-02 08:00:00+00:00,19.4835,0.0,5.4477882,0.0,0.0,0.0,0.0,0.0
2024-04-02 09:00:00+00:00,18.8835,0.0,5.0911684,0.0,0.0,0.0,0.0,0.0
2024-04-02 10:00:00+00:00,18.433498,0.0,4.73506,0.0,0.0,0.0,0.0,0.0
2024-04-02 11:00:00+00:00,18.0835,0.0,4.2136917,0.0,0.0,0.0,0.0,0.0
2024-04-02 12:00:00+00:00,17.533499,0.0,2.9024127,0.0,0.0,0.0,0.0,0.0
2024-04-02 13:00:00+00:00,17.3335,0.0,2.5959969,0.0,0.0,1.0,0.0,1.0
2024-04-02 14:00:00+00:00,18.433498,0.0,2.8116899,0.6,0.65,1.0,3190.372,69.0
2024-04-02 15:00:00+00:00,21.0835,0.0,6.3690495,2.45,2.5,1.0,3600.0,290.0
2024-04-02 16:00:00+00:00,23.4835,0.0,11.91812,4.55,4.8,1.0,3600.0,520.0
2024-04-02 17:00:00+00:00,25.5835,0.0,15.725037,6.7,7.0,1.0,3600.0,677.0
2024-04-02 18:00:00+00:00,26.6335,0.0,15.496736,8.65,8.65,1.0,3600.0,750.0
2024-04-02 19:00:00+00:00,27.5835,0.0,16.62249,9.45,9.5,1.0,3600.0,805.0
2024-04-02 20:00:00+00:00,28.5835,0.0,18.289274,8.8,9.45,1.0,3600.0,687.0
2024-04-02 21:00:00+00:00,29.3335,0.0,18.35647,6.75,8.5,1.0,3600.0,461.0
2024-04-02 22:00:00+00:00,29.7335,0.0,17.81909,5.9,6.8,1.0,3600.0,287.0
2024-04-02 23:00:00+00:00,28.533499,0.0,21.218632,4.3,4.6,1.0,3600.0,162.0
2024-04-03 00:00:00+00:00,27.3835,0.0,16.58346,2.2,2.3,1.0,3600.0,115.0
2024-04-03 01:00:00+00:00,25.933498,0.0,13.479583,0.5,0.5,1.0,2824.6033,56.0
2024-04-03 02:00:00+00:00,23.933498,0.0,9.885262,0.0,0.0,0.0,0.0,0.0
2024-04-03 03:00:00+00:00,22.433498,0.0,7.5685663,0.0,0.0,0.0,0.0,0.0
2024-04-03 04:00:00+00:00,21.4835,0.0,6.28713,0.0,0.0,0.0,0.0,0.0
2024-04-03 05:00:00+00:00,20.5835,0.0,5.6920996,0.0,0.0,0.0,0.0,0.0
2024-04-03 06:00:00+00:00,19.6335,0.0,4.1046314,0.0,0.0,0.0,0.0,0.0
2024-04-03 07:00:00+00:00,18.7335,0.0,3.2399998,0.0,0.0,0.0,0.0,0.0
2024-04-03 08:00:00+00:00,17.8335,0.0,3.319036,0.0,0.0,0.0,0.0,0.0
2024-04-03 09:00:00+00:00,16.8335,0.0,3.0758414,0.0,0.0,0.0,0.0,0.0
2024-04-03 10:00:00+00:00,15.9835005,0.0,2.968636,0.0,0.0,0.0,0.0,0.0
2024-04-03 11:00:00+00:00,15.1335,0.0,3.0758414,0.0,0.0,0.0,0.0,0.0
2024-04-03 12:00:00+00:00,14.0335,0.0,2.4149535,0.0,0.0,0.0,0.0,0.0
2024-04-03 13:00:00+00:00,13.1835,0.0,2.4149535,0.0,0.0,1.0,0.0,1.0
2024-04-03 14:00:00+00:00,14.2835,0.0,1.835647,0.6,0.65,1.0,3240.7693,92.0
2024-04-03 15:00:00+00:00,19.2335,0.0,2.0364676,2.4,2.5,1.0,3600.0,318.0
2024-04-03 16:00:00+00:00,22.1335,0.0,2.3051248,4.5,4.85,1.0,3600.0,554.0
2024-04-03 17:00:00+00:00,25.033499,0.0,2.0991426,7.0,7.0,1.0,3600.0,755.0
2024-04-03 18:00:00+00:00,28.3835,0.0,10.948973,8.55,8.65,1.0,3600.0,897.0
2024-04-03 19:00:00+00:00,29.683498,0.0,15.778518,9.5,9.5,1.0,3600.0,980.0
2024-04-03 20:00:00+00:00,30.683498,0.0,18.25026,9.45,9.45,1.0,3600.0,982.0
2024-04-03 21:00:00+00:00,30.9835,0.0,22.415602,8.0,8.5,1.0,3600.0,891.0
2024-04-03 22:00:00+00:00,30.433498,0.0,23.277834,6.5,6.8,1.0,3600.0,730.0
2024-04-03 23:00:00+00:00,29.4835,0.0,23.042812,4.05,4.6,1.0,3600.0,536.0
2024-04-04 00:00:00+00:00,28.0835,0.0,19.652176,1.95,2.3,1.0,3600.0,296.0
2024-04-04 01:00:00+00:00,26.033499,0.0,16.610792,0.45,0.55,1.0,2841.7708,66.0
2024-04-04 02:00:00+00:00,24.0835,0.0,13.53236,0.0,0.0,0.0,0.0,0.0
2024-04-04 03:00:00+00:00,22.3835,0.0,9.504273,0.0,0.0,0.0,0.0,0.0
2024-04-04 04:00:00+00:00,21.283499,0.0,6.830519,0.0,0.0,0.0,0.0,0.0
2024-04-04 05:00:00+00:00,19.9835,0.0,4.802999,0.0,0.0,0.0,0.0,0.0
2024-04-04 06:00:00+00:00,19.2335,0.0,5.0911684,0.0,0.0,0.0,0.0,0.0
2024-04-04 07:00:00+00:00,18.1335,0.0,4.379589,0.0,0.0,0.0,0.0,0.0
2024-04-04 08:00:00+00:00,16.9835,0.0,4.5536795,0.0,0.0,0.0,0.0,0.0
2024-04-04 09:00:00+00:00,15.8335,0.0,4.6800003,0.0,0.0,0.0,0.0,0.0
2024-04-04 10:00:00+00:00,14.7835,0.0,4.510787,0.0,0.0,0.0,0.0,0.0
2024-04-04 11:00:00+00:00,13.6835,0.0,4.3498964,0.0,0.0,0.0,0.0,0.0
2024-04-04 12:00:00+00:00,11.8835,0.0,3.6,0.0,0.0,0.0,0.0,0.0
2024-04-04 13:00:00+00:00,11.1835,0.0,3.096837,0.0,0.0,1.0,0.0,1.0
2024-04-04 14:00:00+00:00,12.9335,0.0,3.096837,0.6,0.7,1.0,3291.2603,87.0
2024-04-04 15:00:00+00:00,18.8335,0.0,1.1384199,2.4,2.55,1.0,3600.0,329.0
2024-04-04 16:00:00+00:00,22.183498,0.0,2.968636,4.2,4.85,1.0,3600.0,573.0
2024-04-04 17:00:00+00:00,24.4835,0.0,1.2979984,6.7,7.0,1.0,3600.0,775.0
2024-04-04 18:00:00+00:00,27.183498,0.0,7.42159,8.45,8.6,1.0,3600.0,859.0
2024-04-04 19:00:00+00:00,28.8335,0.0,12.7279215,9.35,9.45,1.0,3600.0,983.0
2024-04-04 20:00:00+00:00,29.6335,0.0,15.509274,9.0,9.4,1.0,3600.0,995.0
2024-04-04 21:00:00+00:00,30.1335,0.0,18.692286,8.1,8.45,1.0,3600.0,835.0
2024-04-04 22:00:00+00:00,29.5835,0.0,20.65848,6.45,6.75,1.0,3600.0,644.0
2024-04-04 23:00:00+00:00,28.783499,0.0,18.58451,4.25,4.55,1.0,3600.0,368.0
2024-04-05 00:00:00+00:00,27.5835,0.0,15.815435,1.9,2.3,1.0,3600.0,205.0
2024-04-05 01:00:00+00:00,25.9835,0.0,14.84318,0.45,0.55,1.0,0.0,10.0
2024-04-05 02:00:00+00:00,24.0835,0.0,11.681987,0.0,0.0,0.0,0.0,0.0
2024-04-05 03:00:00+00:00,22.283499,0.0,7.69592,0.0,0.0,0.0,0.0,0.0
2024-04-05 04:00:00+00:00,20.683498,0.0,6.4799995,0.0,0.0,0.0,0.0,0.0
2024-04-05 05:00:00+00:00,19.3335,0.0,5.8048253,0.0,0.0,0.0,0.0,0.0
2024-04-05 06:00:00+00:00,17.683498,0.0,5.8603754,0.0,0.0,0.0,0.0,0.0
2024-04-05 07:00:00+00:00,16.6335,0.0,5.2416787,0.0,0.0,0.0,0.0,0.0
2024-04-05 08:00:00+00:00,15.7335005,0.0,5.3517847,0.0,0.0,0.0,0.0,0.0
2024-04-05 09:00:00+00:00,14.7835,0.0,5.0142193,0.0,0.0,0.0,0.0,0.0
2024-04-05 10:00:00+00:00,13.9835005,0.0,4.510787,0.0,0.0,0.0,0.0,0.0
2024-04-05 11:00:00+00:00,13.3335,0.0,3.8939953,0.0,0.0,0.0,0.0,0.0
2024-04-05 12:00:00+00:00,12.4335,0.0,3.319036,0.0,0.0,0.0,0.0,0.0
2024-04-05 13:00:00+00:00,12.4335,0.0,2.8116899,0.0,0.0,1.0,0.0,1.0
2024-04-05 14:00:00+00:00,14.1335,0.0,2.3051248,0.7,0.7,1.0,3341.7808,66.0
2024-04-05 15:00:00+00:00,18.3835,0.0,2.2768397,2.55,2.55,1.0,3600.0,287.0
2024-04-05 16:00:00+00:00,21.783499,0.0,5.2416787,4.9,4.9,1.0,3600.0,550.0
2024-04-05 17:00:00+00:00,24.3835,0.0,4.6102495,6.75,7.05,1.0,3600.0,756.0
2024-04-05 18:00:00+00:00,26.783499,0.0,3.671294,8.2,8.65,1.0,3600.0,887.0
2024-04-05 19:00:00+00:00,28.9835,0.0,7.386582,9.1,9.5,1.0,3600.0,927.0
2024-04-05 20:00:00+00:00,30.2335,0.0,12.594856,8.9,9.45,1.0,3600.0,894.0
2024-04-05 21:00:00+00:00,30.5835,0.0,14.986553,7.85,8.5,1.0,3600.0,734.0
2024-04-05 22:00:00+00:00,30.533499,0.0,19.586117,6.2,6.8,1.0,3600.0,515.0
2024-04-05 23:00:00+00:00,29.2335,0.0,21.046917,4.05,4.6,1.0,3600.0,246.0
2024-04-06 00:00:00+00:00,28.783499,0.0,18.35647,1.9,2.3,1.0,3600.0,99.0
2024-04-06 01:00:00+00:00,26.8835,0.0,17.208603,0.45,0.55,1.0,119.787636,11.0
2024-04-06 02:00:00+00:00,25.033499,0.0,15.646544,0.0,0.0,0.0,0.0,0.0
2024-04-06 03:00:00+00:00,23.5835,0.0,11.874544,0.0,0.0,0.0,0.0,0.0
2024-04-06 04:00:00+00:00,22.183498,0.0,8.12197,0.0,0.0,0.0,0.0,0.0
2024-04-06 05:00:00+00:00,20.933498,0.0,7.5685663,0.0,0.0,0.0,0.0,0.0
2024-04-06 06:00:00+00:00,20.533499,0.0,7.208994,0.0,0.0,0.0,0.0,0.0
2024-04-06 07:00:00+00:00,19.3835,0.0,5.771239,0.0,0.0,0.0,0.0,0.0
2024-04-06 08:00:00+00:00,18.533499,0.0,5.0911684,0.0,0.0,0.0,0.0,0.0
2024-04-06 09:00:00+00:00,17.7335,0.0,4.379589,0.0,0.0,0.0,0.0,0.0
2024-04-06 10:00:00+00:00,17.033499,0.0,4.379589,0.0,0.0,0.0,0.0,0.0
2024-04-06 11:00:00+00:00,16.3835,0.0,3.671294,0.0,0.0,0.0,0.0,0.0
2024-04-06 12:00:00+00:00,15.6835,0.0,3.0758414,0.0,0.0,0.0,0.0,0.0
2024-04-06 13:00:00+00:00,15.0835,0.0,2.8116899,0.0,0.0,1.0,0.0,1.0
2024-04-06 14:00:00+00:00,16.8335,0.0,2.7416782,0.6,0.75,1.0,3392.2576,74.0
2024-04-06 15:00:00+00:00,20.433498,0.0,3.563818,2.0,2.6,1.0,3600.0,242.0
2024-04-06 16:00:00+00:00,23.183498,0.0,4.5820518,4.55,4.95,1.0,3600.0,447.0
2024-04-06 17:00:00+00:00,25.683498,0.0,5.3517847,6.7,7.1,1.0,3600.0,661.0
2024-04-06 18:00:00+00:00,29.1335,0.0,7.8954163,8.5,8.75,1.0,3600.0,811.0
2024-04-06 19:00:00+00:00,30.8335,0.0,12.768586,8.85,9.55,1.0,3600.0,927.0
2024-04-06 20:00:00+00:00,31.5835,0.0,15.137133,8.7,9.5,1.0,3600.0,924.0
2024-04-06 21:00:00+00:00,31.9835,0.0,18.947083,7.8,8.55,1.0,3600.0,809.0
2024-04-06 22:00:00+00:00,31.533499,0.0,22.027763,6.1,6.85,1.0,3600.0,682.0
2024-04-06 23:00:00+00:00,30.6335,0.0,20.291357,4.35,4.6,1.0,3600.0,489.0
2024-04-07 00:00:00+00:00,29.3835,0.0,18.875126,2.1,2.3,1.0,3600.0,215.0
2024-04-07 01:00:00+00:00,27.783499,0.0,16.79314,0.45,0.55,1.0,2892.7632,39.0
2024-04-07 02:00:00+00:00,26.283499,0.0,14.081478,0.0,0.0,0.0,0.0,0.0
2024-04-07 03:00:00+00:00,24.183498,0.0,13.5515,0.0,0.0,0.0,0.0,0.0
2024-04-07 04:00:00+00:00,22.5835,0.0,7.9526596,0.0,0.0,0.0,0.0,0.0
2024-04-07 05:00:00+00:00,21.3835,0.0,5.3999996,0.0,0.0,0.0,0.0,0.0
2024-04-07 06:00:00+00:00,20.783499,0.0,5.4119864,0.0,0.0,0.0,0.0,0.0
2024-04-07 07:00:00+00:00,19.683498,0.0,4.6938252,0.0,0.0,0.0,0.0,0.0
2024-04-07 08:00:00+00:00,18.783499,0.0,4.73506,0.0,0.0,0.0,0.0,0.0
2024-04-07 09:00:00+00:00,17.8835,0.0,3.8773184,0.0,0.0,0.0,0.0,0.0
2024-04-07 10:00:00+00:00,16.8835,0.0,3.8773184,0.0,0.0,0.0,0.0,0.0
2024-04-07 11:00:00+00:00,15.9835005,0.0,3.8773184,0.0,0.0,0.0,0.0,0.0
2024-04-07 12:00:00+00:00,15.0835,0.0,3.7064266,0.0,0.0,0.0,0.0,0.0
2024-04-07 13:00:00+00:00,14.3835,0.0,3.396233,0.0,0.0,1.0,0.0,2.0
2024-04-07 14:00:00+00:00,16.3835,0.0,2.8116899,0.7,0.75,1.0,3442.6257,99.0
2024-04-07 15:00:00+00:00,21.1335,0.0,1.8,2.4,2.6,1.0,3600.0,322.0
2024-04-07 16:00:00+00:00,24.283499,0.0,1.9386592,4.5,4.95,1.0,3600.0,556.0
2024-04-07 17:00:00+00:00,26.933498,0.0,3.396233,6.65,7.1,1.0,3600.0,703.0
2024-04-07 18:00:00+00:00,29.433498,0.0,6.297428,8.55,8.7,1.0,3600.0,787.0
2024-04-07 19:00:00+00:00,31.033499,0.0,10.028439,9.4,9.5,1.0,3600.0,908.0
2024-04-07 20:00:00+00:00,31.8335,0.0,12.661564,9.05,9.45,1.0,3600.0,954.0
2024-04-07 21:00:00+00:00,32.1835,0.0,13.75558,8.45,8.5,1.0,3600.0,884.0
2024-04-07 22:00:00+00:00,32.1335,0.0,14.512064,6.8,6.8,1.0,3600.0,732.0
2024-04-07 23:00:00+00:00,31.533499,0.0,14.707222,4.6,4.6,1.0,3600.0,526.0
2024-04-08 00:00:00+00:00,30.683498,0.0,12.783802,2.3,2.3,1.0,3600.0,280.0
2024-04-08 01:00:00+00:00,28.683498,0.0,20.774214,0.55,0.55,1.0,2909.6619,65.0
2024-04-08 02:00:00+00:00,24.933498,0.0,18.043148,0.0,0.0,0.0,0.0,0.0
2024-04-08 03:00:00+00:00,23.3835,0.0,13.32,0.0,0.0,0.0,0.0,0.0
2024-04-08 04:00:00+00:00,22.3835,0.0,7.69592,0.0,0.0,0.0,0.0,0.0
2024-04-08 05:00:00+00:00,21.5835,0.0,6.9899354,0.0,0.0,0.0,0.0,0.0
2024-04-08 06:00:00+00:00,21.1335,0.0,6.519877,0.0,0.0,0.0,0.0,0.0
2024-04-08 07:00:00+00:00,20.2335,0.0,5.7599998,0.0,0.0,0.0,0.0,0.0
2024-04-08 08:00:00+00:00,19.3835,0.0,5.0911684,0.0,0.0,0.0,0.0,0.0
2024-04-08 09:00:00+00:00,18.3835,0.0,3.7585104,0.0,0.0,0.0,0.0,0.0
2024-04-08 10:00:00+00:00,17.183498,0.0,3.6,0.0,0.0,0.0,0.0,0.0
2024-04-08 11:00:00+00:00,16.1835,0.0,3.8268526,0.0,0.0,0.0,0.0,0.0
2024-04-08 12:00:00+00:00,15.4835005,0.0,4.072935,0.0,0.0,0.0,0.0,0.0
2024-04-08 13:00:00+00:00,14.7835,0.0,3.7064266,0.0,0.0,1.0,0.0,2.0
2024-04-08 14:00:00+00:00,16.683498,0.0,3.0547013,0.75,0.75,1.0,3492.8179,104.0
2024-04-08 15:00:00+00:00,21.433498,0.0,3.219938,2.65,2.65,1.0,3600.0,332.0
2024-04-08 16:00:00+00:00,24.683498,0.0,4.1046314,4.95,4.95,1.0,3600.0,569.0
2024-04-08 17:00:00+00:00,27.6335,0.0,6.989936,7.1,7.1,1.0,3600.0,770.0
2024-04-08 18:00:00+00:00,29.4835,0.0,9.387651,8.7,8.7,1.0,3600.0,911.0
2024-04-08 19:00:00+00:00,30.933498,0.0,14.33234,9.55,9.55,1.0,3600.0,981.0
2024-04-08 20:00:00+00:00,31.8835,0.0,15.937878,9.45,9.45,1.0,3600.0,974.0
2024-04-08 21:00:00+00:00,32.4335,0.0,19.930477,8.5,8.5,1.0,3600.0,888.0
2024-04-08 22:00:00+00:00,32.0335,0.0,21.868332,6.75,6.8,1.0,3600.0,739.0
2024-04-08 23:00:00+00:00,31.1335,0.0,22.406927,4.55,4.6,1.0,3600.0,514.0
2024-04-09 00:00:00+00:00,29.033499,0.0,19.881649,2.3,2.3,1.0,3600.0,271.0
2024-04-09 01:00:00+00:00,27.033499,0.0,18.39878,0.5,0.55,1.0,2926.5547,63.0
2024-04-09 02:00:00+00:00,25.1335,0.0,16.1198,0.0,0.0,0.0,0.0,0.0
2024-04-09 03:00:00+00:00,23.4835,0.0,13.37825,0.0,0.0,0.0,0.0,0.0
2024-04-09 04:00:00+00:00,22.2335,0.0,9.255571,0.0,0.0,0.0,0.0,0.0
2024-04-09 05:00:00+00:00,21.183498,0.0,6.9899354,0.0,0.0,0.0,0.0,0.0
2024-04-09 06:00:00+00:00,20.533499,0.0,6.0347,0.0,0.0,0.0,0.0,0.0
2024-04-09 07:00:00+00:00,19.533499,0.0,5.0142193,0.0,0.0,0.0,0.0,0.0
2024-04-09 08:00:00+00:00,18.6335,0.0,5.0142193,0.0,0.0,0.0,0.0,0.0
2024-04-09 09:00:00+00:00,17.8335,0.0,4.510787,0.0,0.0,0.0,0.0,0.0
2024-04-09 10:00:00+00:00,17.033499,0.0,4.1046314,0.0,0.0,0.0,0.0,0.0
2024-04-09 11:00:00+00:00,16.3335,0.0,4.072935,0.0,0.0,0.0,0.0,0.0
2024-04-09 12:00:00+00:00,15.7335005,0.0,4.072935,0.0,0.0,0.0,0.0,0.0
2024-04-09 13:00:00+00:00,15.1335,0.0,3.6,0.0,0.0,1.0,0.0,3.0
2024-04-09 14:00:00+00:00,16.933498,0.0,3.096837,0.7,0.8,1.0,3542.7625,100.0
2024-04-09 15:00:00+00:00,21.1335,0.0,2.968636,2.5,2.65,1.0,3600.0,321.0
2024-04-09 16:00:00+00:00,24.1335,0.0,4.510787,4.8,5.0,1.0,3600.0,567.0
2024-04-09 17:00:00+00:00,26.6335,0.0,8.654987,6.7,7.15,1.0,3600.0,767.0
2024-04-09 18:00:00+00:00,28.7335,0.0,12.599998,8.75,8.75,1.0,3600.0,908.0
2024-04-09 19:00:00+00:00,29.9835,0.0,16.434305,9.45,9.55,1.0,3600.0,974.0
2024-04-09 20:00:00+00:00,31.183498,0.0,19.523155,9.45,9.45,1.0,3600.0,961.0
2024-04-09 21:00:00+00:00,31.183498,0.0,24.94413,8.1,8.5,1.0,3600.0,880.0
2024-04-09 22:00:00+00:00,30.433498,0.0,24.023088,6.7,6.8,1.0,3600.0,722.0
2024-04-09 23:00:00+00:00,29.6335,0.0,23.090569,4.6,4.6,1.0,3600.0,531.0
2024-04-10 00:00:00+00:00,28.0835,0.0,21.749483,2.3,2.3,1.0,3600.0,289.0
2024-04-10 01:00:00+00:00,25.9835,0.0,19.201874,0.55,0.55,1.0,2943.465,68.0
2024-04-10 02:00:00+00:00,24.0835,0.0,16.434305,0.0,0.0,0.0,0.0,0.0
2024-04-10 03:00:00+00:00,22.533499,0.0,13.708391,0.0,0.0,0.0,0.0,0.0
2024-04-10 04:00:00+00:00,21.3335,0.0,9.793058,0.0,0.0,0.0,0.0,0.0
2024-04-10 05:00:00+00:00,20.3335,0.0,8.049845,0.0,0.0,0.0,0.0,0.0
2024-04-10 06:00:00+00:00,19.8835,0.0,6.162207,0.0,0.0,0.0,0.0,0.0
2024-04-10 07:00:00+00:00,19.1335,0.0,6.130579,0.0,0.0,0.0,0.0,0.0
2024-04-10 08:00:00+00:00,18.533499,0.0,6.130579,0.0,0.0,0.0,0.0,0.0
2024-04-10 09:00:00+00:00,17.9835,0.0,5.8603754,0.0,0.0,0.0,0.0,0.0
2024-04-10 10:00:00+00:00,17.433498,0.0,4.896529,0.0,0.0,0.0,0.0,0.0
2024-04-10 11:00:00+00:00,16.8335,0.0,4.0249224,0.0,0.0,0.0,0.0,0.0
2024-04-10 12:00:00+00:00,16.3835,0.0,3.563818,0.0,0.0,0.0,0.0,0.0
2024-04-10 13:00:00+00:00,15.7835,0.0,3.096837,0.05,0.05,1.0,0.0,3.0
2024-04-10 14:00:00+00:00,17.283499,0.0,2.5455842,0.8,0.8,1.0,3592.3948,109.0
2024-04-10 15:00:00+00:00,20.683498,0.0,1.8,2.7,2.7,1.0,3600.0,337.0
2024-04-10 16:00:00+00:00,23.1335,0.0,3.8268526,5.0,5.0,1.0,3600.0,572.0
2024-04-10 17:00:00+00:00,25.4835,0.0,6.489992,7.1,7.1,1.0,3600.0,767.0
2024-04-10 18:00:00+00:00,28.2335,0.0,8.373386,8.7,8.7,1.0,3600.0,906.0
2024-04-10 19:00:00+00:00,29.6335,0.0,13.207634,9.5,9.5,1.0,3600.0,973.0
2024-04-10 20:00:00+00:00,29.9835,0.0,16.520823,9.4,9.4,1.0,3600.0,966.0
2024-04-10 21:00:00+00:00,30.183498,0.0,16.09969,8.5,8.5,1.0,3600.0,874.0
2024-04-10 22:00:00+00:00,30.1335,0.0,15.827721,6.8,6.8,1.0,3600.0,679.0
2024-04-10 23:00:00+00:00,29.9835,0.0,11.659777,4.6,4.6,1.0,3600.0,412.0
2024-04-11 00:00:00+00:00,28.7335,0.0,18.440998,2.3,2.3,1.0,3600.0,189.0
2024-04-11 01:00:00+00:00,26.933498,0.0,15.807239,0.55,0.55,1.0,2960.4124,43.0
2024-04-11 02:00:00+00:00,25.183498,0.0,10.495713,0.0,0.0,0.0,0.0,0.0
2024-04-11 03:00:00+00:00,23.683498,0.0,8.049845,0.0,0.0,0.0,0.0,0.0
2024-04-11 04:00:00+00:00,22.3835,0.0,6.130579,0.0,0.0,0.0,0.0,0.0
2024-04-11 05:00:00+00:00,21.033499,0.0,5.0911684,0.0,0.0,0.0,0.0,0.0
2024-04-11 06:00:00+00:00,20.183498,0.0,5.0911684,0.0,0.0,0.0,0.0,0.0
2024-04-11 07:00:00+00:00,19.0835,0.0,4.379589,0.0,0.0,0.0,0.0,0.0
2024-04-11 08:00:00+00:00,17.8835,0.0,4.0249224,0.0,0.0,0.0,0.0,0.0
2024-04-11 09:00:00+00:00,16.783499,0.0,3.319036,0.0,0.0,0.0,0.0,0.0
2024-04-11 10:00:00+00:00,15.8335,0.0,3.0758414,0.0,0.0,0.0,0.0,0.0
2024-04-11 11:00:00+00:00,15.7835,0.0,2.7416782,0.0,0.0,0.0,0.0,0.0
2024-04-11 12:00:00+00:00,14.8335,0.0,3.396233,0.0,0.0,0.0,0.0,0.0
2024-04-11 13:00:00+00:00,15.0335,0.0,2.5959969,0.05,0.05,1.0,0.0,3.0
2024-04-11 14:00:00+00:00,17.0835,0.0,0.5091169,0.8,0.8,1.0,3600.0,112.0
2024-04-11 15:00:00+00:00,20.533499,0.0,5.0911684,2.7,2.7,1.0,3600.0,337.0
2024-04-11 16:00:00+00:00,23.4835,0.0,9.422101,4.65,5.0,1.0,3600.0,568.0
2024-04-11 17:00:00+00:00,25.8335,0.0,11.570515,6.55,7.15,1.0,3600.0,764.0
2024-04-11 18:00:00+00:00,27.8835,0.0,8.557102,7.95,8.7,1.0,3600.0,902.0
2024-04-11 19:00:00+00:00,29.6335,0.0,8.435069,9.05,9.55,1.0,3600.0,967.0
2024-04-11 20:00:00+00:00,30.7335,0.0,7.42159,9.15,9.45,1.0,3600.0,945.0
2024-04-11 21:00:00+00:00,31.3335,0.0,4.6800003,8.5,8.5,1.0,3600.0,814.0
2024-04-11 22:00:00+00:00,31.5835,0.0,2.5959969,6.8,6.8,1.0,3600.0,585.0
2024-04-11 23:00:00+00:00,31.433498,0.0,9.47012,4.6,4.6,1.0,3600.0,346.0
2024-04-12 00:00:00+00:00,30.9835,0.0,11.440978,2.3,2.3,1.0,3600.0,206.0
2024-04-12 01:00:00+00:00,29.0835,0.0,15.941944,0.55,0.55,1.0,2977.4243,46.0
2024-04-12 02:00:00+00:00,26.5835,0.0,18.998316,0.0,0.0,0.0,0.0,0.0
2024-04-12 03:00:00+00:00,24.9835,0.0,14.8257065,0.0,0.0,0.0,0.0,0.0
2024-04-12 04:00:00+00:00,23.933498,0.0,10.446206,0.0,0.0,0.0,0.0,0.0
2024-04-12 05:00:00+00:00,23.2335,0.0,8.647496,0.0,0.0,0.0,0.0,0.0
2024-04-12 06:00:00+00:00,22.2335,0.0,6.519877,0.0,0.0,0.0,0.0,0.0
2024-04-12 07:00:00+00:00,21.183498,0.0,5.506941,0.0,0.0,0.0,0.0,0.0
2024-04-12 08:00:00+00:00,20.283499,0.0,4.1046314,0.0,0.0,0.0,0.0,0.0
2024-04-12 09:00:00+00:00,19.283499,0.0,3.096837,0.0,0.0,0.0,0.0,0.0
2024-04-12 10:00:00+00:00,18.283499,0.0,3.8773184,0.0,0.0,0.0,0.0,0.0
2024-04-12 11:00:00+00:00,17.533499,0.0,3.4152596,0.0,0.0,0.0,0.0,0.0
2024-04-12 12:00:00+00:00,17.3835,0.0,3.319036,0.0,0.0,0.0,0.0,0.0
2024-04-12 13:00:00+00:00,17.4835,0.0,2.9024127,0.05,0.05,1.0,0.0,1.0
2024-04-12 14:00:00+00:00,19.183498,0.0,3.0547013,0.85,0.85,1.0,3600.0,60.0
2024-04-12 15:00:00+00:00,21.3335,0.0,10.365251,2.55,2.75,1.0,3600.0,205.0
2024-04-12 16:00:00+00:00,23.3335,0.0,11.966953,4.7,5.05,1.0,3600.0,432.0
2024-04-12 17:00:00+00:00,25.283499,0.0,11.91812,6.7,7.15,1.0,3600.0,594.0
2024-04-12 18:00:00+00:00,27.283499,0.0,7.754637,8.75,8.75,1.0,3600.0,728.0
2024-04-12 19:00:00+00:00,28.933498,0.0,6.4096174,9.2,9.55,1.0,3600.0,774.0
2024-04-12 20:00:00+00:00,30.2335,0.0,4.8433046,8.85,9.5,1.0,3600.0,839.0
2024-04-12 21:00:00+00:00,31.1335,0.0,2.4149535,8.05,8.55,1.0,3600.0,789.0
2024-04-12 22:00:00+00:00,31.5835,0.0,3.7585104,6.3,6.8,1.0,3600.0,571.0
2024-04-12 23:00:00+00:00,31.1335,0.0,9.3669195,4.25,4.6,1.0,3600.0,333.0
2024-04-13 00:00:00+00:00,30.183498,0.0,12.7279215,2.0,2.3,1.0,3600.0,145.0
2024-04-13 01:00:00+00:00,29.033499,0.0,10.105681,0.5,0.55,1.0,2259.2048,26.0
2024-04-13 02:00:00+00:00,27.3835,0.0,12.144331,0.0,0.0,0.0,0.0,0.0
2024-04-13 03:00:00+00:00,25.183498,0.0,18.391735,0.0,0.0,0.0,0.0,0.0
2024-04-13 04:00:00+00:00,24.033499,0.0,14.917212,0.0,0.0,0.0,0.0,0.0
2024-04-13 05:00:00+00:00,22.9835,0.0,12.015589,0.0,0.0,0.0,0.0,0.0
2024-04-13 06:00:00+00:00,22.683498,0.0,10.495713,0.0,0.0,0.0,0.0,0.0
2024-04-13 07:00:00+00:00,22.033499,0.0,9.114471,0.0,0.0,0.0,0.0,0.0
2024-04-13 08:00:00+00:00,21.7335,0.0,7.69592,0.0,0.0,0.0,0.0,0.0
2024-04-13 09:00:00+00:00,21.183498,0.0,4.379589,0.0,0.0,0.0,0.0,0.0
2024-04-13 10:00:00+00:00,20.683498,0.0,1.484318,0.0,0.0,0.0,0.0,0.0
2024-04-13 11:00:00+00:00,20.2335,0.0,2.9024127,0.0,0.0,0.0,0.0,0.0
2024-04-13 12:00:00+00:00,19.2335,0.0,2.9024127,0.0,0.0,0.0,0.0,0.0
2024-04-13 13:00:00+00:00,18.783499,0.0,2.6208394,0.05,0.05,1.0,0.0,0.0
2024-04-13 14:00:00+00:00,19.9835,0.0,1.609969,0.55,0.85,1.0,0.0,12.0
2024-04-13 15:00:00+00:00,21.9835,0.0,2.8116899,2.3,2.75,1.0,3600.0,85.0
2024-04-13 16:00:00+00:00,24.183498,0.0,5.904439,4.9,5.1,1.0,3600.0,249.0
2024-04-13 17:00:00+00:00,26.2335,0.0,7.729527,6.75,7.25,1.0,3600.0,361.0
2024-04-13 18:00:00+00:00,28.0835,0.0,5.991594,7.9,8.8,1.0,3600.0,496.0
2024-04-13 19:00:00+00:00,30.033499,0.0,5.904439,9.0,9.6,1.0,3600.0,603.0
2024-04-13 20:00:00+00:00,31.433498,0.0,4.8433046,9.0,9.55,1.0,3600.0,688.0
2024-04-13 21:00:00+00:00,32.5835,0.0,3.563818,8.0,8.55,1.0,3600.0,832.0
2024-04-13 22:00:00+00:00,32.8835,0.0,2.8116899,6.5,6.85,1.0,3600.0,654.0
2024-04-13 23:00:00+00:00,32.6335,0.0,2.4149535,4.35,4.6,1.0,3600.0,455.0
2024-04-14 00:00:00+00:00,32.0835,0.0,7.289444,2.35,2.35,1.0,3600.0,218.0
2024-04-14 01:00:00+00:00,31.033499,0.0,8.404285,0.55,0.55,1.0,3011.7239,63.0
2024-04-14 02:00:00+00:00,28.7335,0.0,11.609651,0.0,0.0,0.0,0.0,0.0
2024-04-14 03:00:00+00:00,26.1335,0.0,13.32,0.0,0.0,0.0,0.0,0.0
2024-04-14 04:00:00+00:00,24.8835,0.0,12.964998,0.0,0.0,0.0,0.0,0.0
2024-04-14 05:00:00+00:00,23.9835,0.0,12.287555,0.0,0.0,0.0,0.0,0.0
2024-04-14 06:00:00+00:00,23.8335,0.0,11.542478,0.0,0.0,0.0,0.0,0.0
2024-04-14 07:00:00+00:00,23.2335,0.0,9.726665,0.0,0.0,0.0,0.0,0.0
2024-04-14 08:00:00+00:00,22.8335,0.0,7.342588,0.0,0.0,0.0,0.0,0.0
2024-04-14 09:00:00+00:00,22.433498,0.0,4.1046314,0.0,0.0,0.0,0.0,0.0
2024-04-14 10:00:00+00:00,21.8335,0.0,4.6938257,0.0,0.0,0.0,0.0,0.0
2024-04-14 11:00:00+00:00,21.033499,0.0,4.2136917,0.0,0.0,0.0,0.0,0.0
2024-04-14 12:00:00+00:00,20.3335,0.0,4.1046314,0.0,0.0,0.0,0.0,0.0
2024-04-14 13:00:00+00:00,19.683498,0.0,4.379589,0.05,0.05,1.0,0.0,1.0
2024-04-14 14:00:00+00:00,21.2335,0.0,3.2599385,0.65,0.85,1.0,3600.0,49.0
2024-04-14 15:00:00+00:00,23.783499,0.0,2.5455842,2.15,2.8,1.0,3600.0,190.0
2024-04-14 16:00:00+00:00,26.033499,0.0,3.7585104,4.3,5.1,1.0,3600.0,343.0
2024-04-14 17:00:00+00:00,28.2335,0.0,5.0528407,5.7,7.25,1.0,3600.0,432.0
2024-04-14 18:00:00+00:00,30.183498,0.0,4.6938257,6.5,8.8,1.0,3600.0,458.0
2024-04-14 19:00:00+00:00,31.933498,0.0,6.6087217,6.5,9.6,1.0,3600.0,408.0
2024-04-14 20:00:00+00:00,33.233498,0.0,8.707237,7.1,9.45,1.0,3600.0,486.0
2024-04-14 21:00:00+00:00,33.6835,0.0,11.090103,6.95,8.5,1.0,3600.0,370.0
2024-04-14 22:00:00+00:00,33.233498,0.0,11.480557,4.65,6.8,1.0,3600.0,149.0
2024-04-14 23:00:00+00:00,32.6835,0.0,11.298495,3.3,4.6,1.0,753.30414,51.0
2024-04-15 00:00:00+00:00,32.6835,0.0,8.557102,1.7,2.3,1.0,519.0704,30.0
2024-04-15 01:00:00+00:00,31.4835,0.0,9.178235,0.45,0.55,1.0,0.0,9.0
2024-04-15 02:00:00+00:00,28.8835,0.0,14.33234,0.0,0.0,0.0,0.0,0.0
2024-04-15 03:00:00+00:00,27.3335,0.0,11.966953,0.0,0.0,0.0,0.0,0.0
2024-04-15 04:00:00+00:00,26.1335,0.0,13.708391,0.0,0.0,0.0,0.0,0.0
2024-04-15 05:00:00+00:00,25.183498,0.0,11.874544,0.0,0.0,0.0,0.0,0.0
2024-04-15 06:00:00+00:00,23.3335,0.0,11.367109,0.0,0.0,0.0,0.0,0.0
2024-04-15 07:00:00+00:00,22.683498,0.0,9.826088,0.0,0.0,0.0,0.0,0.0
2024-04-15 08:00:00+00:00,21.933498,0.0,5.8603754,0.0,0.0,0.0,0.0,0.0
2024-04-15 09:00:00+00:00,20.9835,0.0,4.829907,0.0,0.0,0.0,0.0,0.0
2024-04-15 10:00:00+00:00,20.183498,0.0,5.154415,0.0,0.0,0.0,0.0,0.0
2024-04-15 11:00:00+00:00,19.6335,0.0,5.4833565,0.0,0.0,0.0,0.0,0.0
2024-04-15 12:00:00+00:00,19.4835,0.0,4.452954,0.0,0.0,0.0,0.0,0.0
2024-04-15 13:00:00+00:00,18.933498,0.0,3.7585104,0.05,0.05,1.0,0.0,3.0
2024-04-15 14:00:00+00:00,20.6335,0.0,3.8773184,0.8,0.9,1.0,3600.0,82.0
2024-04-15 15:00:00+00:00,22.9835,0.0,4.1046314,2.35,2.8,1.0,3600.0,171.0
2024-04-15 16:00:00+00:00,24.8835,0.0,3.2599385,4.3,5.1,1.0,3600.0,166.0
2024-04-15 17:00:00+00:00,26.783499,0.0,3.671294,6.55,7.25,1.0,3600.0,172.0
2024-04-15 18:00:00+00:00,29.033499,0.0,3.96,7.9,8.8,1.0,3600.0,375.0
2024-04-15 19:00:00+00:00,31.783499,0.0,5.8603754,8.65,9.6,1.0,3600.0,655.0
2024-04-15 20:00:00+00:00,33.5335,0.0,9.339208,6.4,9.5,1.0,3600.0,842.0
2024-04-15 21:00:00+00:00,33.8335,0.0,12.72283,4.85,8.55,1.0,3600.0,601.0
2024-04-15 22:00:00+00:00,33.233498,0.0,15.315873,6.15,6.85,1.0,3600.0,271.0
2024-04-15 23:00:00+00:00,32.3835,0.0,15.2947035,3.85,4.6,1.0,3600.0,113.0
2024-04-16 00:00:00+00:00,31.933498,0.0,14.973577,1.8,2.35,1.0,3600.0,123.0
2024-04-16 01:00:00+00:00,29.933498,0.0,14.8257065,0.45,0.6,1.0,3046.5513,52.0
2024-04-16 02:00:00+00:00,27.8835,0.0,12.303366,0.0,0.0,0.0,0.0,0.0
2024-04-16 03:00:00+00:00,26.433498,0.0,13.339445,0.0,0.0,0.0,0.0,0.0
2024-04-16 04:00:00+00:00,25.3835,0.0,11.885453,0.0,0.0,0.0,0.0,0.0
2024-04-16 05:00:00+00:00,24.7335,0.0,9.0645685,0.0,0.0,0.0,0.0,0.0
2024-04-16 06:00:00+00:00,24.283499,0.0,9.779817,0.0,0.0,0.0,0.0,0.0
2024-04-16 07:00:00+00:00,23.533499,0.0,8.4042845,0.0,0.0,0.0,0.0,0.0
2024-04-16 08:00:00+00:00,22.9835,0.0,6.725354,0.0,0.0,0.0,0.0,0.0
2024-04-16 09:00:00+00:00,22.3835,0.0,5.1544156,0.0,0.0,0.0,0.0,0.0
2024-04-16 10:00:00+00:00,21.5835,0.0,4.5536795,0.0,0.0,0.0,0.0,0.0
2024-04-16 11:00:00+00:00,20.8835,0.0,4.5536795,0.0,0.0,0.0,0.0,0.0
2024-04-16 12:00:00+00:00,19.6335,0.0,3.5455887,0.0,0.0,0.0,0.0,0.0
2024-04-16 13:00:00+00:00,18.8335,0.0,3.219938,0.05,0.05,1.0,0.0,2.0
2024-04-16 14:00:00+00:00,20.433498,0.0,2.4149535,0.9,0.9,1.0,3600.0,66.0
2024-04-16 15:00:00+00:00,23.683498,0.0,1.1384199,2.85,2.85,1.0,3600.0,175.0
2024-04-16 16:00:00+00:00,26.283499,0.0,2.3051248,5.05,5.15,1.0,3600.0,370.0
2024-04-16 17:00:00+00:00,29.0835,0.0,3.8773184,7.15,7.3,1.0,3600.0,704.0
2024-04-16 18:00:00+00:00,31.183498,0.0,4.3349743,8.85,8.85,1.0,3600.0,830.0
2024-04-16 19:00:00+00:00,33.0335,0.0,6.8399997,9.6,9.65,1.0,3600.0,535.0
2024-04-16 20:00:00+00:00,34.3335,0.0,9.3669195,9.45,9.5,1.0,3600.0,669.0
2024-04-16 21:00:00+00:00,34.7835,0.0,11.367109,8.2,8.55,1.0,3600.0,849.0
2024-04-16 22:00:00+00:00,34.483498,0.0,13.450708,6.8,6.85,1.0,3600.0,709.0
2024-04-16 23:00:00+00:00,33.9335,0.0,13.276144,4.15,4.65,1.0,3600.0,497.0
2024-04-17 00:00:00+00:00,33.233498,0.0,9.178235,2.25,2.35,1.0,3600.0,248.0
2024-04-17 01:00:00+00:00,31.9835,0.0,14.154915,0.55,0.6,1.0,3064.2124,53.0
2024-04-17 02:00:00+00:00,28.5835,0.0,19.70815,0.0,0.0,0.0,0.0,0.0
2024-04-17 03:00:00+00:00,26.8835,0.0,13.849476,0.0,0.0,0.0,0.0,0.0
2024-04-17 04:00:00+00:00,25.7335,0.0,11.542478,0.0,0.0,0.0,0.0,0.0
2024-04-17 05:00:00+00:00,24.8335,0.0,9.3876505,0.0,0.0,0.0,0.0,0.0
2024-04-17 06:00:00+00:00,24.283499,0.0,10.799999,0.0,0.0,0.0,0.0,0.0
2024-04-17 07:00:00+00:00,23.533499,0.0,9.3876505,0.0,0.0,0.0,0.0,0.0
2024-04-17 08:00:00+00:00,22.933498,0.0,6.9899354,0.0,0.0,0.0,0.0,0.0
2024-04-17 09:00:00+00:00,22.3335,0.0,6.379216,0.0,0.0,0.0,0.0,0.0
2024-04-17 10:00:00+00:00,22.033499,0.0,5.3517847,0.0,0.0,0.0,0.0,0.0
2024-04-17 11:00:00+00:00,21.533499,0.0,4.1046314,0.0,0.0,0.0,0.0,0.0
2024-04-17 12:00:00+00:00,19.683498,0.0,3.319036,0.0,0.0,0.0,0.0,0.0
2024-04-17 13:00:00+00:00,18.8335,0.0,3.0758414,0.05,0.05,1.0,0.0,4.0
2024-04-17 14:00:00+00:00,20.8835,0.0,2.7416782,0.9,0.9,1.0,3600.0,118.0
2024-04-17 15:00:00+00:00,24.183498,0.0,2.16,2.85,2.85,1.0,3600.0,338.0
2024-04-17 16:00:00+00:00,26.933498,0.0,2.968636,5.2,5.2,1.0,3600.0,543.0
2024-04-17 17:00:00+00:00,29.533499,0.0,3.096837,7.3,7.3,1.0,3600.0,702.0
2024-04-17 18:00:00+00:00,31.4835,0.0,3.8268526,8.85,8.85,1.0,3600.0,802.0
2024-04-17 19:00:00+00:00,33.3335,0.0,6.489992,9.65,9.65,1.0,3600.0,945.0
2024-04-17 20:00:00+00:00,34.3835,0.0,8.225035,9.55,9.55,1.0,3600.0,929.0
2024-04-17 21:00:00+00:00,34.7835,0.0,10.24578,8.55,8.55,1.0,3600.0,803.0
2024-04-17 22:00:00+00:00,34.5835,0.0,12.245294,6.65,6.85,1.0,3600.0,680.0
2024-04-17 23:00:00+00:00,34.0835,0.0,13.039754,4.15,4.65,1.0,3600.0,507.0
2024-04-18 00:00:00+00:00,33.0335,0.0,10.739833,2.3,2.35,1.0,3600.0,271.0
2024-04-18 01:00:00+00:00,32.0335,0.0,15.546833,0.6,0.6,1.0,3082.0803,53.0
2024-04-18 02:00:00+00:00,28.033499,0.0,18.345877,0.0,0.0,0.0,0.0,0.0
2024-04-18 03:00:00+00:00,26.3835,0.0,13.358861,0.0,0.0,0.0,0.0,0.0
2024-04-18 04:00:00+00:00,25.183498,0.0,9.779817,0.0,0.0,0.0,0.0,0.0
2024-04-18 05:00:00+00:00,24.183498,0.0,7.5942073,0.0,0.0,0.0,0.0,0.0
2024-04-18 06:00:00+00:00,23.433498,0.0,7.5685663,0.0,0.0,0.0,0.0,0.0
2024-04-18 07:00:00+00:00,22.4835,0.0,6.130579,0.0,0.0,0.0,0.0,0.0
2024-04-18 08:00:00+00:00,21.5835,0.0,5.1544156,0.0,0.0,0.0,0.0,0.0
2024-04-18 09:00:00+00:00,20.783499,0.0,4.1046314,0.0,0.0,0.0,0.0,0.0
2024-04-18 10:00:00+00:00,19.9835,0.0,3.5455887,0.0,0.0,0.0,0.0,0.0
2024-04-18 11:00:00+00:00,19.033499,0.0,3.7064266,0.0,0.0,0.0,0.0,0.0
2024-04-18 12:00:00+00:00,17.933498,0.0,2.5455842,0.0,0.0,0.0,0.0,0.0
2024-04-18 13:00:00+00:00,17.1335,0.0,2.5455842,0.05,0.05,1.0,0.0,4.0
2024-04-18 14:00:00+00:00,19.433498,0.0,2.2768397,0.95,0.95,1.0,3600.0,123.0
2024-04-18 15:00:00+00:00,24.033499,0.0,0.0,2.9,2.9,1.0,3600.0,348.0
2024-04-18 16:00:00+00:00,26.7335,0.0,1.5273507,5.2,5.2,1.0,3600.0,577.0
2024-04-18 17:00:00+00:00,29.3335,0.0,3.319036,7.35,7.35,1.0,3600.0,771.0
2024-04-18 18:00:00+00:00,32.0835,0.0,6.9527545,8.9,8.9,1.0,3600.0,905.0
2024-04-18 19:00:00+00:00,33.6835,0.0,9.565437,9.65,9.65,1.0,3600.0,962.0
2024-04-18 20:00:00+00:00,34.3335,0.0,10.948973,9.55,9.55,1.0,3600.0,925.0
2024-04-18 21:00:00+00:00,34.4335,0.0,12.620554,8.55,8.55,1.0,3600.0,822.0
2024-04-18 22:00:00+00:00,34.0835,0.0,13.910169,6.85,6.85,1.0,3600.0,657.0
2024-04-18 23:00:00+00:00,33.5835,0.0,13.207634,4.65,4.65,1.0,3600.0,431.0
2024-04-19 00:00:00+00:00,32.8335,0.0,10.8955765,2.3,2.35,1.0,3600.0,222.0
2024-04-19 01:00:00+00:00,31.1335,0.0,11.983188,0.6,0.6,1.0,3100.1616,64.0
2024-04-19 02:00:00+00:00,28.3335,0.0,13.905509,0.0,0.0,0.0,0.0,0.0
2024-04-19 03:00:00+00:00,26.433498,0.0,13.779114,0.0,0.0,0.0,0.0,0.0
2024-04-19 04:00:00+00:00,25.3835,0.0,9.605998,0.0,0.0,0.0,0.0,0.0
2024-04-19 05:00:00+00:00,24.6335,0.0,7.5685663,0.0,0.0,0.0,0.0,0.0
2024-04-19 06:00:00+00:00,23.4835,0.0,6.489992,0.0,0.0,0.0,0.0,0.0
2024-04-19 07:00:00+00:00,22.4835,0.0,5.8603754,0.0,0.0,0.0,0.0,0.0
2024-04-19 08:00:00+00:00,21.683498,0.0,5.4477882,0.0,0.0,0.0,0.0,0.0
2024-04-19 09:00:00+00:00,20.933498,0.0,5.1544156,0.0,0.0,0.0,0.0,0.0
2024-04-19 10:00:00+00:00,20.283499,0.0,4.379589,0.0,0.0,0.0,0.0,0.0
2024-04-19 11:00:00+00:00,19.533499,0.0,3.8773184,0.0,0.0,0.0,0.0,0.0
2024-04-19 12:00:00+00:00,18.5835,0.0,4.2136917,0.0,0.0,0.0,0.0,0.0
2024-04-19 13:00:00+00:00,17.783499,0.0,3.219938,0.05,0.05,1.0,0.0,5.0
2024-04-19 14:00:00+00:00,20.033499,0.0,1.8,0.95,0.95,1.0,3600.0,127.0
2024-04-19 15:00:00+00:00,24.283499,0.0,1.2979984,2.9,2.9,1.0,3600.0,351.0
2024-04-19 16:00:00+00:00,26.8835,0.0,2.5455842,5.2,5.2,1.0,3600.0,580.0
2024-04-19 17:00:00+00:00,29.3335,0.0,2.6208394,7.3,7.3,1.0,3600.0,771.0
2024-04-19 18:00:00+00:00,31.8835,0.0,3.671294,8.85,8.85,1.0,3600.0,907.0
2024-04-19 19:00:00+00:00,33.483498,0.0,7.92,9.65,9.65,1.0,3600.0,969.0
2024-04-19 20:00:00+00:00,34.2835,0.0,11.928989,9.5,9.5,1.0,3600.0,956.0
2024-04-19 21:00:00+00:00,34.2835,0.0,14.764389,8.55,8.55,1.0,3600.0,868.0
2024-04-19 22:00:00+00:00,34.1335,0.0,14.764389,6.85,6.85,1.0,3600.0,686.0
2024-04-19 23:00:00+00:00,33.733498,0.0,12.605142,4.65,4.65,1.0,3600.0,407.0
2024-04-20 00:00:00+00:00,33.2835,0.0,10.308831,2.4,2.4,1.0,3600.0,192.0
2024-04-20 01:00:00+00:00,31.433498,0.0,17.698677,0.6,0.6,1.0,3118.485,68.0
2024-04-20 02:00:00+00:00,27.8335,0.0,20.724247,0.0,0.0,0.0,0.0,0.0
2024-04-20 03:00:00+00:00,25.9835,0.0,15.893093,0.0,0.0,0.0,0.0,0.0
2024-04-20 04:00:00+00:00,24.7335,0.0,11.792404,0.0,0.0,0.0,0.0,0.0
2024-04-20 05:00:00+00:00,23.9835,0.0,9.3669195,0.0,0.0,0.0,0.0,0.0
2024-04-20 06:00:00+00:00,23.5835,0.0,8.669949,0.0,0.0,0.0,0.0,0.0
2024-04-20 07:00:00+00:00,22.8835,0.0,7.2,0.0,0.0,0.0,0.0,0.0
2024-04-20 08:00:00+00:00,21.9835,0.0,5.771239,0.0,0.0,0.0,0.0,0.0
2024-04-20 09:00:00+00:00,20.9835,0.0,4.73506,0.0,0.0,0.0,0.0,0.0
2024-04-20 10:00:00+00:00,20.1335,0.0,4.1046314,0.0,0.0,0.0,0.0,0.0
2024-04-20 11:00:00+00:00,19.2335,0.0,3.8773184,0.0,0.0,0.0,0.0,0.0
2024-04-20 12:00:00+00:00,18.283499,0.0,3.5455887,0.0,0.0,0.0,0.0,0.0
2024-04-20 13:00:00+00:00,17.533499,0.0,3.219938,0.05,0.05,1.0,0.0,5.0
2024-04-20 14:00:00+00:00,19.933498,0.0,2.5959969,1.0,1.0,1.0,3600.0,128.0
2024-04-20 15:00:00+00:00,23.6335,0.0,0.8049845,2.95,2.95,1.0,3600.0,354.0
2024-04-20 16:00:00+00:00,26.3335,0.0,1.5273507,5.25,5.25,1.0,3600.0,582.0
2024-04-20 17:00:00+00:00,28.8335,0.0,3.6,7.35,7.35,1.0,3600.0,771.0
2024-04-20 18:00:00+00:00,31.033499,0.0,4.896529,8.9,8.9,1.0,3600.0,905.0
2024-04-20 19:00:00+00:00,32.733498,0.0,9.107359,9.65,9.65,1.0,3600.0,966.0
2024-04-20 20:00:00+00:00,33.5835,0.0,12.371645,9.55,9.55,1.0,3600.0,954.0
2024-04-20 21:00:00+00:00,33.6835,0.0,14.799459,8.55,8.6,1.0,3600.0,862.0
2024-04-20 22:00:00+00:00,33.3835,0.0,15.192682,6.85,6.85,1.0,3600.0,699.0
2024-04-20 23:00:00+00:00,33.0835,0.0,11.609651,4.65,4.7,1.0,3600.0,497.0
2024-04-21 00:00:00+00:00,32.1835,0.0,12.10157,2.4,2.4,1.0,3600.0,279.0
2024-04-21 01:00:00+00:00,30.1335,0.0,17.49615,0.6,0.6,1.0,3137.0798,74.0
2024-04-21 02:00:00+00:00,27.283499,0.0,16.923828,0.0,0.0,0.0,0.0,0.0
2024-04-21 03:00:00+00:00,25.4835,0.0,13.441071,0.0,0.0,0.0,0.0,0.0
2024-04-21 04:00:00+00:00,24.3835,0.0,9.6932955,0.0,0.0,0.0,0.0,0.0
2024-04-21 05:00:00+00:00,23.683498,0.0,7.771331,0.0,0.0,0.0,0.0,0.0
2024-04-21 06:00:00+00:00,23.2335,0.0,8.209263,0.0,0.0,0.0,0.0,0.0
2024-04-21 07:00:00+00:00,22.183498,0.0,5.8603754,0.0,0.0,0.0,0.0,0.0
2024-04-21 08:00:00+00:00,21.283499,0.0,5.04,0.0,0.0,0.0,0.0,0.0
2024-04-21 09:00:00+00:00,20.433498,0.0,4.6938252,0.0,0.0,0.0,0.0,0.0
2024-04-21 10:00:00+00:00,19.5835,0.0,4.1046314,0.0,0.0,0.0,0.0,0.0
2024-04-21 11:00:00+00:00,18.683498,0.0,3.8773184,0.0,0.0,0.0,0.0,0.0
2024-04-21 12:00:00+00:00,17.533499,0.0,2.9024127,0.0,0.0,0.0,0.0,0.0
2024-04-21 13:00:00+00:00,16.7335,0.0,2.9024127,0.05,0.05,1.0,30.144495,6.0
2024-04-21 14:00:00+00:00,19.183498,0.0,1.8,1.0,1.0,1.0,3600.0,133.0
2024-04-21 15:00:00+00:00,23.6335,0.0,0.8049845,2.95,2.95,1.0,3600.0,361.0
2024-04-21 16:00:00+00:00,26.3835,0.0,0.71999997,5.25,5.25,1.0,3600.0,591.0
2024-04-21 17:00:00+00:00,28.8835,0.0,3.319036,7.35,7.35,1.0,3600.0,782.0
2024-04-21 18:00:00+00:00,31.533499,0.0,4.0249224,8.9,8.9,1.0,3600.0,917.0
2024-04-21 19:00:00+00:00,33.233498,0.0,7.072878,9.65,9.65,1.0,3600.0,981.0
2024-04-21 20:00:00+00:00,34.1835,0.0,9.531505,9.5,9.5,1.0,3600.0,970.0
2024-04-21 21:00:00+00:00,34.3835,0.0,12.599999,8.55,8.55,1.0,3600.0,885.0
2024-04-21 22:00:00+00:00,33.8335,0.0,13.441071,6.85,6.85,1.0,3600.0,733.0
2024-04-21 23:00:00+00:00,33.2835,0.0,11.090103,4.65,4.65,1.0,3600.0,524.0
2024-04-22 00:00:00+00:00,32.4335,0.0,9.779817,2.4,2.4,1.0,3600.0,278.0
2024-04-22 01:00:00+00:00,31.3835,0.0,15.03835,0.6,0.6,1.0,3155.9548,66.0
2024-04-22 02:00:00+00:00,27.8835,0.0,19.191748,0.0,0.0,0.0,0.0,0.0
2024-04-22 03:00:00+00:00,25.933498,0.0,12.181625,0.0,0.0,0.0,0.0,0.0
2024-04-22 04:00:00+00:00,24.8835,0.0,8.825508,0.0,0.0,0.0,0.0,0.0
2024-04-22 05:00:00+00:00,23.9835,0.0,6.638072,0.0,0.0,0.0,0.0,0.0
2024-04-22 06:00:00+00:00,22.783499,0.0,5.8048253,0.0,0.0,0.0,0.0,0.0
2024-04-22 07:00:00+00:00,21.683498,0.0,5.04,0.0,0.0,0.0,0.0,0.0
2024-04-22 08:00:00+00:00,20.6335,0.0,4.6938252,0.0,0.0,0.0,0.0,0.0
2024-04-22 09:00:00+00:00,19.6335,0.0,4.0249224,0.0,0.0,0.0,0.0,0.0
2024-04-22 10:00:00+00:00,18.5835,0.0,3.4152596,0.0,0.0,0.0,0.0,0.0
2024-04-22 11:00:00+00:00,17.533499,0.0,2.5959969,0.0,0.0,0.0,0.0,0.0
2024-04-22 12:00:00+00:00,17.1335,0.0,2.9024127,0.0,0.0,0.0,0.0,0.0
2024-04-22 13:00:00+00:00,17.5835,0.0,2.4149535,0.05,0.05,1.0,28.190964,6.0
2024-04-22 14:00:00+00:00,19.7335,0.0,0.8049845,1.0,1.0,1.0,3600.0,133.0
2024-04-22 15:00:00+00:00,23.283499,0.0,3.9763298,2.95,2.95,1.0,3600.0,358.0
2024-04-22 16:00:00+00:00,26.0835,0.0,10.636766,5.25,5.25,1.0,3600.0,587.0
2024-04-22 17:00:00+00:00,28.183498,0.0,9.693296,7.35,7.35,1.0,3600.0,776.0
2024-04-22 18:00:00+00:00,30.5835,0.0,4.1046314,8.85,8.85,1.0,3600.0,903.0
2024-04-22 19:00:00+00:00,32.1835,0.0,2.6208394,9.6,9.6,1.0,3600.0,954.0
2024-04-22 20:00:00+00:00,33.6835,0.0,7.0911775,9.5,9.5,1.0,3600.0,893.0
2024-04-22 21:00:00+00:00,34.0835,0.0,14.917212,8.5,8.5,1.0,3600.0,767.0
2024-04-22 22:00:00+00:00,33.4335,0.0,15.119999,6.8,6.8,1.0,3600.0,709.0
2024-04-22 23:00:00+00:00,33.3835,0.0,7.5685663,4.65,4.65,1.0,3600.0,499.0
2024-04-23 00:00:00+00:00,33.1335,0.0,14.587776,2.3,2.35,1.0,3600.0,185.0
2024-04-23 01:00:00+00:00,29.533499,0.0,20.65848,0.55,0.6,1.0,3175.0813,61.0
2024-04-23 02:00:00+00:00,26.8835,0.0,16.73516,0.0,0.0,0.0,0.0,0.0
2024-04-23 03:00:00+00:00,25.183498,0.0,13.397612,0.0,0.0,0.0,0.0,0.0
2024-04-23 04:00:00+00:00,24.1335,0.0,10.182337,0.0,0.0,0.0,0.0,0.0
2024-04-23 05:00:00+00:00,23.4835,0.0,8.049845,0.0,0.0,0.0,0.0,0.0
2024-04-23 06:00:00+00:00,22.8335,0.0,6.12,0.0,0.0,0.0,0.0,0.0
2024-04-23 07:00:00+00:00,21.8835,0.0,5.3999996,0.0,0.0,0.0,0.0,0.0
2024-04-23 08:00:00+00:00,21.0835,0.0,5.0528407,0.0,0.0,0.0,0.0,0.0
2024-04-23 09:00:00+00:00,20.2335,0.0,4.379589,0.0,0.0,0.0,0.0,0.0
2024-04-23 10:00:00+00:00,19.3335,0.0,3.7064266,0.0,0.0,0.0,0.0,0.0
2024-04-23 11:00:00+00:00,18.2335,0.0,3.096837,0.0,0.0,0.0,0.0,0.0
2024-04-23 12:00:00+00:00,16.7335,0.0,3.096837,0.0,0.0,0.0,0.0,0.0
2024-04-23 13:00:00+00:00,16.2335,0.0,2.9024127,0.05,0.05,1.0,78.13388,7.0
2024-04-23 14:00:00+00:00,19.0835,0.0,2.4149535,1.0,1.0,1.0,3600.0,135.0
2024-04-23 15:00:00+00:00,23.3835,0.0,1.0182338,3.0,3.0,1.0,3600.0,360.0
2024-04-23 16:00:00+00:00,26.283499,0.0,1.5273507,5.25,5.25,1.0,3600.0,587.0
2024-04-23 17:00:00+00:00,28.683498,0.0,0.8049845,7.35,7.35,1.0,3600.0,777.0
2024-04-23 18:00:00+00:00,30.533499,0.0,3.319036,8.85,8.85,1.0,3600.0,909.0
2024-04-23 19:00:00+00:00,32.1835,0.0,5.95906,9.6,9.6,1.0,3600.0,965.0
2024-04-23 20:00:00+00:00,33.1335,0.0,10.390226,9.5,9.5,1.0,3600.0,956.0
2024-04-23 21:00:00+00:00,33.1335,0.0,13.849476,8.45,8.55,1.0,3600.0,869.0
2024-04-23 22:00:00+00:00,32.733498,0.0,12.964998,6.75,6.85,1.0,3600.0,713.0
2024-04-23 23:00:00+00:00,32.5835,0.0,9.6932955,4.6,4.65,1.0,3600.0,509.0
2024-04-24 00:00:00+00:00,31.5835,0.0,10.703569,2.4,2.4,1.0,3600.0,280.0
2024-04-24 01:00:00+00:00,29.8335,0.0,12.984975,0.6,0.6,1.0,3194.4182,75.0
2024-04-24 02:00:00+00:00,27.183498,0.0,12.904882,0.0,0.0,0.0,0.0,0.0
2024-04-24 03:00:00+00:00,25.0835,0.0,13.441071,0.0,0.0,0.0,0.0,0.0
2024-04-24 04:00:00+00:00,23.9835,0.0,11.165805,0.0,0.0,0.0,0.0,0.0
2024-04-24 05:00:00+00:00,23.1335,0.0,9.007196,0.0,0.0,0.0,0.0,0.0
2024-04-24 06:00:00+00:00,22.683498,0.0,8.647496,0.0,0.0,0.0,0.0,0.0
2024-04-24 07:00:00+00:00,21.8335,0.0,7.208994,0.0,0.0,0.0,0.0,0.0
2024-04-24 08:00:00+00:00,21.033499,0.0,6.489992,0.0,0.0,0.0,0.0,0.0
2024-04-24 09:00:00+00:00,20.2335,0.0,5.771239,0.0,0.0,0.0,0.0,0.0
2024-04-24 10:00:00+00:00,19.533499,0.0,4.6938252,0.0,0.0,0.0,0.0,0.0
2024-04-24 11:00:00+00:00,18.7335,0.0,4.452954,0.0,0.0,0.0,0.0,0.0
2024-04-24 12:00:00+00:00,17.4835,0.0,4.2136917,0.0,0.0,0.0,0.0,0.0
2024-04-24 13:00:00+00:00,16.8335,0.0,3.4152596,0.05,0.05,1.0,78.06815,7.0
2024-04-24 14:00:00+00:00,19.433498,0.0,2.0991426,1.05,1.05,1.0,3600.0,132.0
2024-04-24 15:00:00+00:00,23.3335,0.0,1.484318,3.0,3.0,1.0,3600.0,337.0
2024-04-24 16:00:00+00:00,25.783499,0.0,2.9024127,5.25,5.25,1.0,3600.0,518.0
2024-04-24 17:00:00+00:00,28.033499,0.0,4.1046314,7.35,7.35,1.0,3600.0,600.0
2024-04-24 18:00:00+00:00,30.683498,0.0,6.792466,8.85,8.85,1.0,3600.0,863.0
2024-04-24 19:00:00+00:00,32.3335,0.0,7.8954163,9.6,9.6,1.0,3600.0,968.0
2024-04-24 20:00:00+00:00,33.2835,0.0,8.942214,9.45,9.5,1.0,3600.0,957.0
2024-04-24 21:00:00+00:00,33.733498,0.0,10.383987,8.5,8.5,1.0,3600.0,853.0
2024-04-24 22:00:00+00:00,33.5835,0.0,12.387348,6.8,6.8,1.0,3600.0,636.0
2024-04-24 23:00:00+00:00,32.9335,0.0,14.529915,4.65,4.65,1.0,3600.0,460.0
2024-04-25 00:00:00+00:00,31.8835,0.0,15.03835,2.4,2.4,1.0,3600.0,254.0
2024-04-25 01:00:00+00:00,29.4835,0.0,18.079027,0.65,0.65,1.0,3213.9548,70.0
2024-04-25 02:00:00+00:00,26.6335,0.0,17.992796,0.0,0.0,0.0,0.0,0.0
2024-04-25 03:00:00+00:00,25.033499,0.0,14.440443,0.0,0.0,0.0,0.0,0.0
2024-04-25 04:00:00+00:00,23.8835,0.0,11.928989,0.0,0.0,0.0,0.0,0.0
2024-04-25 05:00:00+00:00,22.9835,0.0,9.36,0.0,0.0,0.0,0.0,0.0
2024-04-25 06:00:00+00:00,22.3835,0.0,11.879999,0.0,0.0,0.0,0.0,0.0
2024-04-25 07:00:00+00:00,21.683498,0.0,9.72,0.0,0.0,0.0,0.0,0.0
2024-04-25 08:00:00+00:00,21.183498,0.0,6.519877,0.0,0.0,0.0,0.0,0.0
2024-04-25 09:00:00+00:00,20.283499,0.0,4.3498964,0.0,0.0,0.0,0.0,0.0
2024-04-25 10:00:00+00:00,19.2335,0.0,4.39436,0.0,0.0,0.0,0.0,0.0
2024-04-25 11:00:00+00:00,18.3335,0.0,4.072935,0.0,0.0,0.0,0.0,0.0
2024-04-25 12:00:00+00:00,17.533499,0.0,3.6,0.0,0.0,0.0,0.0,0.0
2024-04-25 13:00:00+00:00,16.783499,0.0,3.396233,0.05,0.05,1.0,0.0,4.0
2024-04-25 14:00:00+00:00,19.283499,0.0,3.219938,1.0,1.05,1.0,3600.0,112.0
2024-04-25 15:00:00+00:00,23.4835,0.0,1.2979984,3.0,3.0,1.0,3600.0,322.0
2024-04-25 16:00:00+00:00,26.2335,0.0,2.2768397,5.3,5.3,1.0,3600.0,560.0
2024-04-25 17:00:00+00:00,28.8335,0.0,3.0758414,7.35,7.35,1.0,3600.0,764.0
2024-04-25 18:00:00+00:00,31.283499,0.0,9.021574,8.85,8.85,1.0,3600.0,904.0
2024-04-25 19:00:00+00:00,32.7835,0.0,14.021525,9.65,9.65,1.0,3600.0,964.0
2024-04-25 20:00:00+00:00,33.1835,0.0,17.555307,9.5,9.5,1.0,3600.0,936.0
2024-04-25 21:00:00+00:00,33.5335,0.0,17.555307,8.5,8.5,1.0,3600.0,839.0
2024-04-25 22:00:00+00:00,33.3335,0.0,19.694992,6.8,6.8,1.0,3600.0,692.0
2024-04-25 23:00:00+00:00,32.1835,0.0,22.065973,4.65,4.65,1.0,3600.0,503.0
2024-04-26 00:00:00+00:00,30.9835,0.0,19.272614,2.3,2.4,1.0,3600.0,258.0
2024-04-26 01:00:00+00:00,28.283499,0.0,20.073025,0.6,0.65,1.0,3233.6946,33.0
2024-04-26 02:00:00+00:00,26.0835,0.0,17.068707,0.0,0.0,0.0,0.0,0.0
2024-04-26 03:00:00+00:00,24.5835,0.0,13.5515,0.0,0.0,0.0,0.0,0.0
2024-04-26 04:00:00+00:00,23.533499,0.0,9.114471,0.0,0.0,0.0,0.0,0.0
2024-04-26 05:00:00+00:00,22.7335,0.0,6.489992,0.0,0.0,0.0,0.0,0.0
2024-04-26 06:00:00+00:00,22.1335,0.0,6.489992,0.0,0.0,0.0,0.0,0.0
2024-04-26 07:00:00+00:00,21.6335,0.0,6.849467,0.0,0.0,0.0,0.0,0.0
2024-04-26 08:00:00+00:00,20.8835,0.0,6.489992,0.0,0.0,0.0,0.0,0.0
2024-04-26 09:00:00+00:00,20.1335,0.0,5.771239,0.0,0.0,0.0,0.0,0.0
2024-04-26 10:00:00+00:00,19.433498,0.0,5.0528407,0.0,0.0,0.0,0.0,0.0
2024-04-26 11:00:00+00:00,18.933498,0.0,4.73506,0.0,0.0,0.0,0.0,0.0
2024-04-26 12:00:00+00:00,18.1335,0.0,4.3349743,0.0,0.0,0.0,0.0,0.0
2024-04-26 13:00:00+00:00,17.7335,0.0,3.7585104,0.05,0.1,1.0,15.973599,6.0
2024-04-26 14:00:00+00:00,19.5835,0.0,3.7064266,0.85,1.05,1.0,2767.2756,36.0
2024-04-26 15:00:00+00:00,21.8335,0.0,5.0528407,2.5,3.0,1.0,2350.5706,64.0
2024-04-26 16:00:00+00:00,23.783499,0.0,6.6185193,4.05,5.3,1.0,3600.0,165.0
2024-04-26 17:00:00+00:00,26.4835,0.0,6.6087217,6.65,7.35,1.0,3600.0,535.0
2024-04-26 18:00:00+00:00,28.6335,0.0,6.12,8.55,8.85,1.0,3600.0,453.0
2024-04-26 19:00:00+00:00,30.283499,0.0,10.966713,8.1,9.6,1.0,3600.0,440.0
2024-04-26 20:00:00+00:00,31.1335,0.0,15.256526,8.05,9.5,1.0,3600.0,660.0
2024-04-26 21:00:00+00:00,31.5835,0.0,16.45007,8.45,8.5,1.0,3600.0,780.0
2024-04-26 22:00:00+00:00,31.433498,0.0,18.532135,6.8,6.85,1.0,3600.0,602.0
2024-04-26 23:00:00+00:00,30.3335,0.0,20.140705,4.65,4.65,1.0,3600.0,395.0
2024-04-27 00:00:00+00:00,28.783499,0.0,17.414474,2.4,2.4,1.0,3600.0,193.0
2024-04-27 01:00:00+00:00,26.5835,0.0,16.676977,0.65,0.65,1.0,3253.6277,67.0
2024-04-27 02:00:00+00:00,24.2335,0.0,15.077082,0.0,0.0,0.0,0.0,0.0
2024-04-27 03:00:00+00:00,22.4835,0.0,11.440979,0.0,0.0,0.0,0.0,0.0
2024-04-27 04:00:00+00:00,21.283499,0.0,7.69592,0.0,0.0,0.0,0.0,0.0
2024-04-27 05:00:00+00:00,20.3335,0.0,5.7599998,0.0,0.0,0.0,0.0,0.0
2024-04-27 06:00:00+00:00,19.9835,0.0,5.4477882,0.0,0.0,0.0,0.0,0.0
2024-04-27 07:00:00+00:00,19.283499,0.0,4.73506,0.0,0.0,0.0,0.0,0.0
2024-04-27 08:00:00+00:00,18.6335,0.0,5.0528407,0.0,0.0,0.0,0.0,0.0
2024-04-27 09:00:00+00:00,17.9835,0.0,4.379589,0.0,0.0,0.0,0.0,0.0
2024-04-27 10:00:00+00:00,17.2335,0.0,3.9763298,0.0,0.0,0.0,0.0,0.0
2024-04-27 11:00:00+00:00,16.3835,0.0,3.9763298,0.0,0.0,0.0,0.0,0.0
2024-04-27 12:00:00+00:00,14.7335005,0.0,3.319036,0.0,0.0,0.0,0.0,0.0
2024-04-27 13:00:00+00:00,14.3335,0.0,2.968636,0.1,0.1,1.0,12.0245695,6.0
2024-04-27 14:00:00+00:00,17.6335,0.0,2.4149535,1.05,1.1,1.0,3600.0,130.0
2024-04-27 15:00:00+00:00,21.433498,0.0,1.9386592,2.85,3.05,1.0,3600.0,359.0
2024-04-27 16:00:00+00:00,24.533499,0.0,4.1046314,5.0,5.35,1.0,3600.0,570.0
2024-04-27 17:00:00+00:00,27.533499,0.0,9.387651,7.4,7.4,1.0,3600.0,756.0
2024-04-27 18:00:00+00:00,29.683498,0.0,13.708391,8.9,8.9,1.0,3600.0,878.0
2024-04-27 19:00:00+00:00,30.5835,0.0,15.379206,9.25,9.65,1.0,3600.0,860.0
2024-04-27 20:00:00+00:00,31.533499,0.0,15.226764,8.85,9.5,1.0,3600.0,853.0
2024-04-27 21:00:00+00:00,32.1835,0.0,16.575644,7.95,8.55,1.0,3600.0,867.0
2024-04-27 22:00:00+00:00,31.8835,0.0,17.935081,6.75,6.85,1.0,3600.0,742.0
2024-04-27 23:00:00+00:00,31.033499,0.0,16.75064,4.6,4.7,1.0,3600.0,539.0
2024-04-28 00:00:00+00:00,29.5835,0.0,17.57744,2.4,2.4,1.0,3600.0,302.0
2024-04-28 01:00:00+00:00,27.0835,0.0,16.075521,0.65,0.65,1.0,3273.744,83.0
2024-04-28 02:00:00+00:00,24.7335,0.0,13.202726,0.0,0.0,0.0,0.0,1.0
2024-04-28 03:00:00+00:00,23.033499,0.0,10.703569,0.0,0.0,0.0,0.0,0.0
2024-04-28 04:00:00+00:00,21.8335,0.0,8.557102,0.0,0.0,0.0,0.0,0.0
2024-04-28 05:00:00+00:00,20.8835,0.0,7.342588,0.0,0.0,0.0,0.0,0.0
2024-04-28 06:00:00+00:00,20.033499,0.0,6.130579,0.0,0.0,0.0,0.0,0.0
2024-04-28 07:00:00+00:00,18.8335,0.0,4.73506,0.0,0.0,0.0,0.0,0.0
2024-04-28 08:00:00+00:00,17.8835,0.0,4.5536795,0.0,0.0,0.0,0.0,0.0
2024-04-28 09:00:00+00:00,16.8335,0.0,4.1046314,0.0,0.0,0.0,0.0,0.0
2024-04-28 10:00:00+00:00,15.8335,0.0,4.2136917,0.0,0.0,0.0,0.0,0.0
2024-04-28 11:00:00+00:00,15.0335,0.0,3.8773184,0.0,0.0,0.0,0.0,0.0
2024-04-28 12:00:00+00:00,14.4835005,0.0,3.319036,0.0,0.0,0.0,0.0,0.0
2024-04-28 13:00:00+00:00,14.1835,0.0,3.319036,0.1,0.1,1.0,269.429,10.0
2024-04-28 14:00:00+00:00,16.8335,0.0,2.0364676,1.1,1.1,1.0,3600.0,154.0
2024-04-28 15:00:00+00:00,21.3835,0.0,1.609969,3.1,3.1,1.0,3600.0,389.0
2024-04-28 16:00:00+00:00,24.5835,0.0,3.0547013,5.35,5.35,1.0,3600.0,621.0
2024-04-28 17:00:00+00:00,27.4835,0.0,9.0,7.4,7.4,1.0,3600.0,815.0
2024-04-28 18:00:00+00:00,29.183498,0.0,11.879999,8.9,8.9,1.0,3600.0,952.0
2024-04-28 19:00:00+00:00,30.283499,0.0,14.113653,9.65,9.65,1.0,3600.0,1015.0
2024-04-28 20:00:00+00:00,30.783499,0.0,14.830076,9.5,9.5,1.0,3600.0,995.0
2024-04-28 21:00:00+00:00,31.3835,0.0,14.512064,8.55,8.55,1.0,3600.0,900.0
2024-04-28 22:00:00+00:00,31.533499,0.0,14.408997,6.85,6.85,1.0,3600.0,751.0
2024-04-28 23:00:00+00:00,30.8835,0.0,13.684735,4.7,4.7,1.0,3600.0,433.0
2024-04-29 00:00:00+00:00,29.9835,0.0,12.261157,2.15,2.4,1.0,3600.0,183.0
2024-04-29 01:00:00+00:00,27.9835,0.0,11.988594,0.55,0.65,1.0,3294.0413,74.0
2024-04-29 02:00:00+00:00,25.3835,0.0,10.009036,0.0,0.0,0.0,0.0,0.0
2024-04-29 03:00:00+00:00,23.5835,0.0,9.565437,0.0,0.0,0.0,0.0,0.0
2024-04-29 04:00:00+00:00,22.5835,0.0,8.473393,0.0,0.0,0.0,0.0,0.0
2024-04-29 05:00:00+00:00,21.3835,0.0,6.162207,0.0,0.0,0.0,0.0,0.0
2024-04-29 06:00:00+00:00,19.9835,0.0,5.771239,0.0,0.0,0.0,0.0,0.0
2024-04-29 07:00:00+00:00,19.033499,0.0,5.4119864,0.0,0.0,0.0,0.0,0.0
2024-04-29 08:00:00+00:00,18.433498,0.0,5.0528407,0.0,0.0,0.0,0.0,0.0
2024-04-29 09:00:00+00:00,17.8335,0.0,3.96,0.0,0.0,0.0,0.0,0.0
2024-04-29 10:00:00+00:00,17.183498,0.0,3.2599385,0.0,0.0,0.0,0.0,0.0
2024-04-29 11:00:00+00:00,16.3335,0.0,2.9024127,0.0,0.0,0.0,0.0,0.0
2024-04-29 12:00:00+00:00,15.3335,0.0,2.1897945,0.0,0.0,0.0,0.0,0.0
2024-04-29 13:00:00+00:00,14.7835,0.0,2.2768397,0.1,0.1,1.0,206.45291,9.0
2024-04-29 14:00:00+00:00,17.2335,0.0,1.835647,1.0,1.1,1.0,3600.0,142.0
2024-04-29 15:00:00+00:00,21.5835,0.0,0.8049845,2.9,3.05,1.0,3600.0,371.0
2024-04-29 16:00:00+00:00,24.433498,0.0,1.9386592,5.0,5.35,1.0,3600.0,578.0
2024-04-29 17:00:00+00:00,26.9835,0.0,4.3349743,6.95,7.4,1.0,3600.0,794.0
2024-04-29 18:00:00+00:00,29.3335,0.0,3.8268526,8.5,8.9,1.0,3600.0,932.0
2024-04-29 19:00:00+00:00,30.9835,0.0,4.8965297,9.6,9.6,1.0,3600.0,993.0
2024-04-29 20:00:00+00:00,32.0335,0.0,6.696387,9.5,9.5,1.0,3600.0,976.0
2024-04-29 21:00:00+00:00,32.5335,0.0,7.9036193,8.5,8.5,1.0,3600.0,883.0
2024-04-29 22:00:00+00:00,32.5335,0.0,9.511088,6.85,6.85,1.0,3600.0,716.0
2024-04-29 23:00:00+00:00,32.0335,0.0,9.387651,4.65,4.65,1.0,3600.0,538.0
2024-04-30 00:00:00+00:00,31.283499,0.0,8.654986,2.45,2.45,1.0,3600.0,306.0
2024-04-30 01:00:00+00:00,29.683498,0.0,7.9932966,0.65,0.65,1.0,3314.5088,85.0
2024-04-30 02:00:00+00:00,26.8835,0.0,8.654986,0.0,0.0,0.0,0.0,1.0
2024-04-30 03:00:00+00:00,24.683498,0.0,14.471821,0.0,0.0,0.0,0.0,0.0
2024-04-30 04:00:00+00:00,23.3835,0.0,11.885453,0.0,0.0,0.0,0.0,0.0
2024-04-30 05:00:00+00:00,22.533499,0.0,9.007196,0.0,0.0,0.0,0.0,0.0
2024-04-30 06:00:00+00:00,21.683498,0.0,5.7599998,0.0,0.0,0.0,0.0,0.0
2024-04-30 07:00:00+00:00,20.783499,0.0,5.0528407,0.0,0.0,0.0,0.0,0.0
2024-04-30 08:00:00+00:00,20.033499,0.0,4.1046314,0.0,0.0,0.0,0.0,0.0
2024-04-30 09:00:00+00:00,19.2335,0.0,4.2136917,0.0,0.0,0.0,0.0,0.0
2024-04-30 10:00:00+00:00,18.533499,0.0,4.1046314,0.0,0.0,0.0,0.0,0.0
2024-04-30 11:00:00+00:00,17.933498,0.0,3.7585104,0.0,0.0,0.0,0.0,0.0
2024-04-30 12:00:00+00:00,16.533499,0.0,3.0758414,0.0,0.0,0.0,0.0,0.0
2024-04-30 13:00:00+00:00,16.1335,0.0,2.4149535,0.1,0.1,1.0,278.3308,10.0
2024-04-30 14:00:00+00:00,19.033499,0.0,1.609969,1.05,1.1,1.0,3600.0,146.0
2024-04-30 15:00:00+00:00,22.183498,0.0,1.1384199,3.0,3.1,1.0,3600.0,371.0
2024-04-30 16:00:00+00:00,24.533499,0.0,2.5455842,5.0,5.35,1.0,3600.0,596.0
2024-04-30 17:00:00+00:00,26.8835,0.0,2.16,6.85,7.4,1.0,3600.0,781.0
2024-04-30 18:00:00+00:00,29.0835,0.0,0.71999997,8.6,8.9,1.0,3600.0,907.0
2024-04-30 19:00:00+00:00,31.183498,0.0,1.5273507,9.25,9.65,1.0,3600.0,970.0
2024-04-30 20:00:00+00:00,32.733498,0.0,4.3498964,8.8,9.5,1.0,3600.0,955.0
2024-04-30 21:00:00+00:00,33.483498,0.0,9.531505,6.4,8.55,1.0,3600.0,859.0
2024-04-30 22:00:00+00:00,32.8835,0.0,13.004921,5.1,6.85,1.0,3600.0,548.0
2024-04-30 23:00:00+00:00,31.7335,0.0,11.879999,4.7,4.7,1.0,3600.0,317.0
2024-05-01 00:00:00+00:00,31.033499,0.0,9.746631,2.2,2.45,1.0,3600.0,96.0
2024-05-01 01:00:00+00:00,29.933498,0.0,11.609651,0.5,0.65,1.0,3335.1472,58.0
2024-05-01 02:00:00+00:00,27.033499,0.0,19.44,0.0,0.0,0.0,0.0,0.0
2024-05-01 03:00:00+00:00,24.8335,0.0,12.661564,0.0,0.0,0.0,0.0,0.0
2024-05-01 04:00:00+00:00,23.7335,0.0,9.531505,0.0,0.0,0.0,0.0,0.0
2024-05-01 05:00:00+00:00,22.8335,0.0,6.924738,0.0,0.0,0.0,0.0,0.0
2024-05-01 06:00:00+00:00,22.2335,0.0,6.924738,0.0,0.0,0.0,0.0,0.0
2024-05-01 07:00:00+00:00,21.183498,0.0,5.8048253,0.0,0.0,0.0,0.0,0.0
2024-05-01 08:00:00+00:00,20.3335,0.0,5.4477882,0.0,0.0,0.0,0.0,0.0
2024-05-01 09:00:00+00:00,19.6335,0.0,4.2136917,0.0,0.0,0.0,0.0,0.0
2024-05-01 10:00:00+00:00,19.2335,0.0,4.2136917,0.0,0.0,0.0,0.0,0.0
2024-05-01 11:00:00+00:00,18.8835,0.0,4.0249224,0.0,0.0,0.0,0.0,0.0
2024-05-01 12:00:00+00:00,17.4835,0.0,3.5455887,0.0,0.0,0.0,0.0,0.0
2024-05-01 13:00:00+00:00,16.933498,0.0,2.8116899,0.1,0.1,1.0,209.91794,9.0
2024-05-01 14:00:00+00:00,19.6335,0.0,2.5455842,1.1,1.15,1.0,3600.0,146.0
2024-05-01 15:00:00+00:00,22.433498,0.0,4.198285,2.95,3.1,1.0,3600.0,320.0
2024-05-01 16:00:00+00:00,24.683498,0.0,4.5820518,5.15,5.35,1.0,3600.0,399.0
2024-05-01 17:00:00+00:00,26.6335,0.0,4.2136917,7.2,7.4,1.0,3600.0,279.0
2024-05-01 18:00:00+00:00,29.433498,0.0,6.618519,8.65,8.9,1.0,3600.0,216.0
2024-05-01 19:00:00+00:00,31.5835,0.0,10.00256,9.65,9.65,1.0,3600.0,786.0
2024-05-01 20:00:00+00:00,32.3835,0.0,12.43434,9.5,9.5,1.0,3600.0,861.0
2024-05-01 21:00:00+00:00,32.7835,0.0,13.979871,8.55,8.55,1.0,3600.0,743.0
2024-05-01 22:00:00+00:00,32.9335,0.0,15.683776,6.55,6.85,1.0,3600.0,504.0
2024-05-01 23:00:00+00:00,32.2835,0.0,17.114204,4.5,4.7,1.0,3600.0,249.0
2024-05-02 00:00:00+00:00,31.5835,0.0,16.071491,2.3,2.45,1.0,3600.0,102.0
2024-05-02 01:00:00+00:00,28.8835,0.0,18.861387,0.65,0.65,1.0,3355.9429,49.0
2024-05-02 02:00:00+00:00,26.3335,0.0,15.379206,0.0,0.0,0.0,0.0,0.0
2024-05-02 03:00:00+00:00,24.533499,0.0,11.966954,0.0,0.0,0.0,0.0,0.0
2024-05-02 04:00:00+00:00,23.3835,0.0,9.0,0.0,0.0,0.0,0.0,0.0
2024-05-02 05:00:00+00:00,22.7335,0.0,6.5693827,0.0,0.0,0.0,0.0,0.0
2024-05-02 06:00:00+00:00,22.783499,0.0,6.4799995,0.0,0.0,0.0,0.0,0.0
2024-05-02 07:00:00+00:00,22.033499,0.0,5.3999996,0.0,0.0,0.0,0.0,0.0
2024-05-02 08:00:00+00:00,21.283499,0.0,4.6938252,0.0,0.0,0.0,0.0,0.0
2024-05-02 09:00:00+00:00,20.4835,0.0,4.379589,0.0,0.0,0.0,0.0,0.0
2024-05-02 10:00:00+00:00,19.8335,0.0,4.379589,0.0,0.0,0.0,0.0,0.0
2024-05-02 11:00:00+00:00,19.0835,0.0,4.1046314,0.0,0.0,0.0,0.0,0.0
2024-05-02 12:00:00+00:00,17.783499,0.0,3.319036,0.0,0.0,0.0,0.0,0.0
2024-05-02 13:00:00+00:00,17.1335,0.0,2.6208394,0.1,0.1,1.0,359.12704,11.0
2024-05-02 14:00:00+00:00,19.8335,0.0,2.968636,1.1,1.15,1.0,3600.0,141.0
2024-05-02 15:00:00+00:00,22.783499,0.0,2.5455842,3.1,3.1,1.0,3600.0,280.0
2024-05-02 16:00:00+00:00,25.3335,0.0,4.3349743,5.25,5.4,1.0,3600.0,461.0
2024-05-02 17:00:00+00:00,27.933498,0.0,5.8048253,7.25,7.45,1.0,3600.0,719.0
2024-05-02 18:00:00+00:00,30.283499,0.0,6.638072,8.55,8.9,1.0,3600.0,897.0
2024-05-02 19:00:00+00:00,32.1335,0.0,9.114471,9.6,9.65,1.0,3600.0,909.0
2024-05-02 20:00:00+00:00,33.233498,0.0,10.105681,9.45,9.5,1.0,3600.0,872.0
2024-05-02 21:00:00+00:00,33.6835,0.0,11.5199995,8.05,8.55,1.0,3600.0,771.0
2024-05-02 22:00:00+00:00,33.6335,0.0,11.928989,6.55,6.85,1.0,3600.0,655.0
2024-05-02 23:00:00+00:00,33.233498,0.0,11.792404,4.65,4.7,1.0,3600.0,525.0
2024-05-03 00:00:00+00:00,32.3335,0.0,12.397806,2.4,2.45,1.0,3600.0,297.0
2024-05-03 01:00:00+00:00,30.433498,0.0,14.529915,0.65,0.7,1.0,3376.8923,83.0
2024-05-03 02:00:00+00:00,27.1335,0.0,15.141414,0.0,0.0,0.0,0.0,1.0
2024-05-03 03:00:00+00:00,24.9835,0.0,12.429127,0.0,0.0,0.0,0.0,0.0
2024-05-03 04:00:00+00:00,23.8335,0.0,9.114471,0.0,0.0,0.0,0.0,0.0
2024-05-03 05:00:00+00:00,23.0835,0.0,7.342588,0.0,0.0,0.0,0.0,0.0
