date,temperature_2m,precipitation_probability,wind_speed_10m,uv_index,uv_index_clear_sky,is_day,sunshine_duration,direct_radiation,month
2024-02-01 00:00:00+00:00,23.2335,0.0,8.557102,0.3,1.3,1.0,0.0,0.0,2
2024-02-01 01:00:00+00:00,21.3835,1.0,8.699793,0.05,0.15,0.0,0.0,0.0,2
2024-02-01 02:00:00+00:00,20.0835,2.0,6.489992,0.0,0.0,0.0,0.0,0.0,2
2024-02-01 03:00:00+00:00,19.2335,3.0,5.00128,0.0,0.0,0.0,0.0,0.0,2
2024-02-01 04:00:00+00:00,18.2335,8.0,3.219938,0.0,0.0,0.0,0.0,0.0,2
2024-02-01 05:00:00+00:00,17.283499,14.0,5.1919937,0.0,0.0,0.0,0.0,0.0,2
2024-02-01 06:00:00+00:00,17.033499,19.0,4.3498964,0.0,0.0,0.0,0.0,0.0,2
2024-02-01 07:00:00+00:00,16.5835,17.0,4.5536795,0.0,0.0,0.0,0.0,0.0,2
2024-02-01 08:00:00+00:00,16.3335,15.0,4.3349743,0.0,0.0,0.0,0.0,0.0,2
2024-02-01 09:00:00+00:00,15.8835,13.0,3.4152596,0.0,0.0,0.0,0.0,0.0,2
2024-02-01 10:00:00+00:00,15.2835,24.0,3.319036,0.0,0.0,0.0,0.0,0.0,2
2024-02-01 11:00:00+00:00,15.1335,34.0,4.198285,0.0,0.0,0.0,0.0,0.0,2
2024-02-01 12:00:00+00:00,14.7835,45.0,4.5536795,0.0,0.0,0.0,0.0,0.0,2
2024-02-01 13:00:00+00:00,14.5835,33.0,4.0249224,0.0,0.0,0.0,0.0,0.0,2
2024-02-01 14:00:00+00:00,13.9335,22.0,4.3498964,0.05,0.05,1.0,0.0,3.0,2
2024-02-01 15:00:00+00:00,15.8835,10.0,3.219938,0.7,0.95,1.0,3600.0,90.0,2
2024-02-01 16:00:00+00:00,19.3335,7.0,1.835647,2.35,2.7,1.0,3600.0,282.0,2
2024-02-01 17:00:00+00:00,21.783499,3.0,3.2599385,3.55,4.65,1.0,3600.0,500.0,2
2024-02-01 18:00:00+00:00,23.6335,0.0,6.379216,6.2,6.2,1.0,3600.0,585.0,2
2024-02-01 19:00:00+00:00,24.3335,0.0,9.565437,4.75,7.15,1.0,3600.0,444.0,2
2024-02-01 20:00:00+00:00,25.033499,0.0,12.979984,2.0,7.25,1.0,3600.0,355.0,2
2024-02-01 21:00:00+00:00,25.533499,0.0,13.217443,2.0,6.5,1.0,3600.0,446.0,2
2024-02-01 22:00:00+00:00,25.4835,0.0,14.578888,1.95,5.1,1.0,3600.0,279.0,2
2024-02-01 23:00:00+00:00,25.2335,0.0,14.05845,0.85,3.2,1.0,3600.0,133.0,2
2024-02-02 00:00:00+00:00,24.683498,0.0,12.641076,1.35,1.35,1.0,3600.0,71.0,2
2024-02-02 01:00:00+00:00,22.933498,0.0,11.304229,0.15,0.15,0.0,110.59412,8.0,2
2024-02-02 02:00:00+00:00,21.3335,0.0,15.815435,0.0,0.0,0.0,0.0,0.0,2
2024-02-02 03:00:00+00:00,20.3335,0.0,13.910169,0.0,0.0,0.0,0.0,0.0,2
2024-02-02 04:00:00+00:00,19.533499,0.0,12.57426,0.0,0.0,0.0,0.0,0.0,2
2024-02-02 05:00:00+00:00,18.8335,0.0,10.24578,0.0,0.0,0.0,0.0,0.0,2
2024-02-02 06:00:00+00:00,18.0835,0.0,7.072878,0.0,0.0,0.0,0.0,0.0,2
2024-02-02 07:00:00+00:00,17.433498,0.0,5.937272,0.0,0.0,0.0,0.0,0.0,2
2024-02-02 08:00:00+00:00,16.5835,0.0,5.2416787,0.0,0.0,0.0,0.0,0.0,2
2024-02-02 09:00:00+00:00,15.7335005,0.0,5.0142193,0.0,0.0,0.0,0.0,0.0,2
2024-02-02 10:00:00+00:00,15.0335,0.0,4.829907,0.0,0.0,0.0,0.0,0.0,2
2024-02-02 11:00:00+00:00,14.3335,0.0,4.829907,0.0,0.0,0.0,0.0,0.0,2
2024-02-02 12:00:00+00:00,14.0335,0.0,4.510787,0.0,0.0,0.0,0.0,0.0,2
2024-02-02 13:00:00+00:00,13.3335,0.0,3.8939953,0.0,0.0,0.0,0.0,0.0,2
2024-02-02 14:00:00+00:00,12.6335,0.0,4.39436,0.05,0.05,1.0,0.0,5.0,2
2024-02-02 15:00:00+00:00,15.1835,0.0,3.096837,0.95,0.95,1.0,3600.0,123.0,2
2024-02-02 16:00:00+00:00,18.3335,0.0,3.0547013,2.75,2.75,1.0,3600.0,343.0,2
2024-02-02 17:00:00+00:00,20.8835,0.0,6.379216,4.7,4.7,1.0,3600.0,533.0,2
2024-02-02 18:00:00+00:00,23.1335,0.0,11.720751,6.3,6.3,1.0,3600.0,653.0,2
2024-02-02 19:00:00+00:00,24.0835,0.0,16.62249,7.25,7.25,1.0,3600.0,600.0,2
2024-02-02 20:00:00+00:00,24.783499,0.0,17.902534,7.35,7.35,1.0,3600.0,607.0,2
2024-02-02 21:00:00+00:00,25.183498,0.0,19.137648,6.6,6.6,1.0,3600.0,525.0,2
2024-02-02 22:00:00+00:00,25.283499,0.0,19.05281,5.15,5.15,1.0,3600.0,352.0,2
2024-02-02 23:00:00+00:00,24.8835,0.0,19.05281,3.25,3.25,1.0,3600.0,252.0,2
2024-02-03 00:00:00+00:00,24.1335,0.0,14.145756,1.35,1.35,1.0,3600.0,128.0,2
2024-02-03 01:00:00+00:00,22.6335,0.0,10.538843,0.15,0.15,0.0,299.30396,10.0,2
2024-02-03 02:00:00+00:00,20.783499,0.0,10.1376915,0.0,0.0,0.0,0.0,0.0,2
2024-02-03 03:00:00+00:00,19.0835,0.0,10.948973,0.0,0.0,0.0,0.0,0.0,2
2024-02-03 04:00:00+00:00,17.8835,0.0,9.826088,0.0,0.0,0.0,0.0,0.0,2
2024-02-03 05:00:00+00:00,16.933498,0.0,8.669949,0.0,0.0,0.0,0.0,0.0,2
2024-02-03 06:00:00+00:00,16.283499,0.0,6.849467,0.0,0.0,0.0,0.0,0.0,2
2024-02-03 07:00:00+00:00,15.5835,0.0,5.4119864,0.0,0.0,0.0,0.0,0.0,2
2024-02-03 08:00:00+00:00,15.1335,0.0,5.0528407,0.0,0.0,0.0,0.0,0.0,2
2024-02-03 09:00:00+00:00,14.7835,0.0,4.379589,0.0,0.0,0.0,0.0,0.0,2
2024-02-03 10:00:00+00:00,14.3335,0.0,4.2136917,0.0,0.0,0.0,0.0,0.0,2
2024-02-03 11:00:00+00:00,13.5835,0.0,4.2136917,0.0,0.0,0.0,0.0,0.0,2
2024-02-03 12:00:00+00:00,12.8335,0.0,4.0249224,0.0,0.0,0.0,0.0,0.0,2
2024-02-03 13:00:00+00:00,12.4335,0.0,3.671294,0.0,0.0,0.0,0.0,0.0,2
2024-02-03 14:00:00+00:00,12.0335,0.0,3.6,0.05,0.05,1.0,78.94887,7.0,2
2024-02-03 15:00:00+00:00,14.0835,0.0,3.6,1.0,1.0,1.0,3600.0,135.0,2
2024-02-03 16:00:00+00:00,16.4835,0.0,9.36,2.8,2.8,1.0,3600.0,352.0,2
2024-02-03 17:00:00+00:00,18.683498,0.0,13.202726,4.8,4.8,1.0,3600.0,501.0,2
2024-02-03 18:00:00+00:00,20.4835,0.0,14.408997,6.4,6.4,1.0,3600.0,654.0,2
2024-02-03 19:00:00+00:00,21.8335,0.0,15.39184,7.35,7.35,1.0,3600.0,784.0,2
2024-02-03 20:00:00+00:00,22.6335,0.0,16.299694,7.45,7.45,1.0,3600.0,794.0,2
2024-02-03 21:00:00+00:00,23.433498,0.0,16.263872,6.7,6.7,1.0,3600.0,709.0,2
2024-02-03 22:00:00+00:00,24.183498,0.0,16.203999,5.25,5.25,1.0,3600.0,578.0,2
2024-02-03 23:00:00+00:00,24.033499,0.0,15.905319,3.35,3.35,1.0,3600.0,392.0,2
2024-02-04 00:00:00+00:00,22.7335,0.0,13.570615,1.4,1.4,1.0,3600.0,176.0,2
2024-02-04 01:00:00+00:00,20.3335,0.0,11.4862,0.15,0.15,0.0,1184.9404,19.0,2
2024-02-04 02:00:00+00:00,18.3835,0.0,8.049845,0.0,0.0,0.0,0.0,0.0,2
2024-02-04 03:00:00+00:00,17.033499,0.0,6.379216,0.0,0.0,0.0,0.0,0.0,2
2024-02-04 04:00:00+00:00,15.7335005,0.0,5.8048253,0.0,0.0,0.0,0.0,0.0,2
2024-02-04 05:00:00+00:00,14.5835,0.0,5.4119864,0.0,0.0,0.0,0.0,0.0,2
2024-02-04 06:00:00+00:00,13.9835005,0.0,5.5887027,0.0,0.0,0.0,0.0,0.0,2
2024-02-04 07:00:00+00:00,13.0335,0.0,4.802999,0.0,0.0,0.0,0.0,0.0,2
2024-02-04 08:00:00+00:00,12.1335,0.0,4.802999,0.0,0.0,0.0,0.0,0.0,2
2024-02-04 09:00:00+00:00,11.3335,0.0,4.0249224,0.0,0.0,0.0,0.0,0.0,2
2024-02-04 10:00:00+00:00,10.4835005,0.0,3.7585104,0.0,0.0,0.0,0.0,0.0,2
2024-02-04 11:00:00+00:00,9.5335,0.0,3.4152596,0.0,0.0,0.0,0.0,0.0,2
2024-02-04 12:00:00+00:00,7.9835,0.0,2.8116899,0.0,0.0,0.0,0.0,0.0,2
2024-02-04 13:00:00+00:00,7.1835003,0.0,2.4149535,0.0,0.0,0.0,0.0,0.0,2
2024-02-04 14:00:00+00:00,7.2835,0.0,3.319036,0.05,0.05,1.0,79.74167,7.0,2
2024-02-04 15:00:00+00:00,10.1835,0.0,1.835647,1.0,1.0,1.0,3600.0,136.0,2
2024-02-04 16:00:00+00:00,14.5335,0.0,2.5959969,2.85,2.85,1.0,3600.0,354.0,2
2024-02-04 17:00:00+00:00,17.7335,0.0,3.0758414,4.85,4.85,1.0,3600.0,558.0,2
2024-02-04 18:00:00+00:00,20.3335,0.0,4.1046314,6.45,6.45,1.0,3600.0,712.0,2
2024-02-04 19:00:00+00:00,23.033499,0.0,5.4833565,7.4,7.4,1.0,3600.0,795.0,2
2024-02-04 20:00:00+00:00,25.1335,0.0,7.653705,7.5,7.5,1.0,3600.0,806.0,2
2024-02-04 21:00:00+00:00,26.1335,0.0,11.304229,6.75,6.75,1.0,3600.0,743.0,2
2024-02-04 22:00:00+00:00,26.0835,0.0,12.979984,5.3,5.3,1.0,3600.0,609.0,2
2024-02-04 23:00:00+00:00,25.5835,0.0,13.281023,3.35,3.35,1.0,3600.0,414.0,2
2024-02-05 00:00:00+00:00,24.783499,0.0,11.212135,1.4,1.4,1.0,3600.0,190.0,2
2024-02-05 01:00:00+00:00,22.2335,0.0,7.7043357,0.2,0.2,0.0,1396.5758,21.0,2
2024-02-05 02:00:00+00:00,19.933498,0.0,7.072878,0.0,0.0,0.0,0.0,0.0,2
2024-02-05 03:00:00+00:00,17.8835,0.0,6.489992,0.0,0.0,0.0,0.0,0.0,2
2024-02-05 04:00:00+00:00,16.283499,0.0,5.8048253,0.0,0.0,0.0,0.0,0.0,2
2024-02-05 05:00:00+00:00,14.9835005,0.0,5.4477882,0.0,0.0,0.0,0.0,0.0,2
2024-02-05 06:00:00+00:00,13.3835,0.0,5.1544156,0.0,0.0,0.0,0.0,0.0,2
2024-02-05 07:00:00+00:00,12.1835,0.0,4.452954,0.0,0.0,0.0,0.0,0.0,2
2024-02-05 08:00:00+00:00,11.0335,0.0,3.7585104,0.0,0.0,0.0,0.0,0.0,2
2024-02-05 09:00:00+00:00,10.2335005,0.0,2.968636,0.0,0.0,0.0,0.0,0.0,2
2024-02-05 10:00:00+00:00,10.8335,0.0,2.5455842,0.0,0.0,0.0,0.0,0.0,2
2024-02-05 11:00:00+00:00,11.4335,0.0,2.5455842,0.0,0.0,0.0,0.0,0.0,2
2024-02-05 12:00:00+00:00,12.4335,0.0,0.71999997,0.0,0.0,0.0,0.0,0.0,2
2024-02-05 13:00:00+00:00,11.9835005,0.0,1.2979984,0.0,0.0,0.0,0.0,0.0,2
2024-02-05 14:00:00+00:00,11.7335005,0.0,2.4149535,0.05,0.05,1.0,130.86163,8.0,2
2024-02-05 15:00:00+00:00,12.9335,0.0,2.8116899,1.0,1.0,1.0,3600.0,137.0,2
2024-02-05 16:00:00+00:00,16.533499,0.0,5.0528407,2.85,2.85,1.0,3600.0,356.0,2
2024-02-05 17:00:00+00:00,19.7335,0.0,11.503113,4.85,4.85,1.0,3600.0,562.0,2
2024-02-05 18:00:00+00:00,22.8835,0.0,13.905509,6.45,6.45,1.0,3600.0,718.0,2
2024-02-05 19:00:00+00:00,24.7335,0.0,13.708391,7.4,7.4,1.0,3600.0,806.0,2
2024-02-05 20:00:00+00:00,26.0835,0.0,12.43434,7.5,7.5,1.0,3600.0,818.0,2
2024-02-05 21:00:00+00:00,26.9835,0.0,10.636766,6.8,6.8,1.0,3600.0,753.0,2
2024-02-05 22:00:00+00:00,27.433498,0.0,8.891343,5.3,5.3,1.0,3600.0,616.0,2
2024-02-05 23:00:00+00:00,27.183498,0.0,7.42159,3.4,3.4,1.0,3600.0,421.0,2
2024-02-06 00:00:00+00:00,26.683498,0.0,6.297428,1.45,1.45,1.0,3600.0,194.0,2
2024-02-06 01:00:00+00:00,24.1335,0.0,3.4152596,0.2,0.2,0.0,1453.329,22.0,2
2024-02-06 02:00:00+00:00,23.0835,0.0,1.8,0.0,0.0,0.0,0.0,0.0,2
2024-02-06 03:00:00+00:00,21.9835,0.0,1.2979984,0.0,0.0,0.0,0.0,0.0,2
2024-02-06 04:00:00+00:00,21.0835,0.0,1.08,0.0,0.0,0.0,0.0,0.0,2
2024-02-06 05:00:00+00:00,20.183498,0.0,1.08,0.0,0.0,0.0,0.0,0.0,2
2024-02-06 06:00:00+00:00,20.033499,0.0,0.35999998,0.0,0.0,0.0,0.0,0.0,2
2024-02-06 07:00:00+00:00,19.1335,0.0,1.0182338,0.0,0.0,0.0,0.0,0.0,2
2024-02-06 08:00:00+00:00,18.0835,0.0,1.9386592,0.0,0.0,0.0,0.0,0.0,2
2024-02-06 09:00:00+00:00,17.183498,0.0,0.8049845,0.0,0.0,0.0,0.0,0.0,2
2024-02-06 10:00:00+00:00,16.1835,0.0,1.2979984,0.0,0.0,0.0,0.0,0.0,2
2024-02-06 11:00:00+00:00,15.0835,0.0,2.9024127,0.0,0.0,0.0,0.0,0.0,2
2024-02-06 12:00:00+00:00,13.5835,0.0,3.2599385,0.0,0.0,0.0,0.0,0.0,2
2024-02-06 13:00:00+00:00,12.7835,0.0,2.968636,0.0,0.0,0.0,0.0,0.0,2
2024-02-06 14:00:00+00:00,12.1835,0.0,1.835647,0.05,0.05,1.0,80.61785,7.0,2
2024-02-06 15:00:00+00:00,13.4335,0.0,0.5091169,1.05,1.05,1.0,3600.0,137.0,2
2024-02-06 16:00:00+00:00,17.183498,0.0,2.8799999,2.85,2.85,1.0,3600.0,354.0,2
2024-02-06 17:00:00+00:00,20.7335,0.0,6.130579,4.85,4.85,1.0,3600.0,553.0,2
2024-02-06 18:00:00+00:00,23.183498,0.0,7.628263,6.45,6.45,1.0,3600.0,700.0,2
2024-02-06 19:00:00+00:00,25.3335,0.0,7.289444,7.4,7.4,1.0,3600.0,802.0,2
2024-02-06 20:00:00+00:00,27.1335,0.0,5.6920996,7.55,7.55,1.0,3600.0,814.0,2
2024-02-06 21:00:00+00:00,28.283499,0.0,3.5455887,6.8,6.8,1.0,3600.0,750.0,2
2024-02-06 22:00:00+00:00,28.7335,0.0,2.0991426,5.35,5.35,1.0,3600.0,615.0,2
2024-02-06 23:00:00+00:00,28.533499,0.0,1.1384199,3.4,3.4,1.0,3600.0,421.0,2
2024-02-07 00:00:00+00:00,28.3835,0.0,1.8,1.45,1.45,1.0,3600.0,196.0,2
2024-02-07 01:00:00+00:00,25.533499,0.0,3.671294,0.2,0.2,0.0,1489.46,23.0,2
2024-02-07 02:00:00+00:00,22.3835,0.0,4.39436,0.0,0.0,0.0,0.0,0.0,2
2024-02-07 03:00:00+00:00,18.683498,0.0,6.2145634,0.0,0.0,0.0,0.0,0.0,2
2024-02-07 04:00:00+00:00,18.283499,0.0,10.483357,0.0,0.0,0.0,0.0,0.0,2
2024-02-07 05:00:00+00:00,18.783499,0.0,9.449572,0.0,0.0,0.0,0.0,0.0,2
2024-02-07 06:00:00+00:00,17.8335,0.0,6.830519,0.0,0.0,0.0,0.0,0.0,2
2024-02-07 07:00:00+00:00,17.183498,0.0,6.28713,0.0,0.0,0.0,0.0,0.0,2
2024-02-07 08:00:00+00:00,16.3335,0.0,5.5887027,0.0,0.0,0.0,0.0,0.0,2
2024-02-07 09:00:00+00:00,15.3835,0.0,4.3498964,0.0,0.0,0.0,0.0,0.0,2
2024-02-07 10:00:00+00:00,14.3335,0.0,4.198285,0.0,0.0,0.0,0.0,0.0,2
2024-02-07 11:00:00+00:00,13.4835005,0.0,3.8939953,0.0,0.0,0.0,0.0,0.0,2
2024-02-07 12:00:00+00:00,12.6335,0.0,2.9024127,0.0,0.0,0.0,0.0,0.0,2
2024-02-07 13:00:00+00:00,12.1335,0.0,2.8116899,0.0,0.0,0.0,0.0,0.0,2
2024-02-07 14:00:00+00:00,11.8335,0.0,3.6,0.05,0.05,1.0,0.0,3.0,2
2024-02-07 15:00:00+00:00,14.9835005,0.0,2.5959969,1.05,1.05,1.0,3600.0,99.0,2
2024-02-07 16:00:00+00:00,18.6335,0.0,1.2979984,2.9,2.9,1.0,3600.0,299.0,2
2024-02-07 17:00:00+00:00,21.2335,0.0,1.0182338,4.9,4.9,1.0,3600.0,458.0,2
2024-02-07 18:00:00+00:00,24.283499,0.0,2.1897945,6.5,6.5,1.0,3600.0,660.0,2
2024-02-07 19:00:00+00:00,26.8835,0.0,4.73506,7.45,7.45,1.0,3600.0,771.0,2
2024-02-07 20:00:00+00:00,28.533499,0.0,8.311245,7.6,7.6,1.0,3600.0,616.0,2
2024-02-07 21:00:00+00:00,28.8835,0.0,11.720751,6.85,6.85,1.0,3600.0,454.0,2
2024-02-07 22:00:00+00:00,28.533499,0.0,13.084402,5.25,5.4,1.0,3600.0,336.0,2
2024-02-07 23:00:00+00:00,27.6335,0.0,12.287555,3.1,3.45,1.0,3600.0,191.0,2
2024-02-08 00:00:00+00:00,26.7335,0.0,11.770403,1.4,1.45,1.0,3600.0,118.0,2
2024-02-08 01:00:00+00:00,24.3835,0.0,11.246759,0.2,0.2,0.0,388.0285,11.0,2
2024-02-08 02:00:00+00:00,21.9835,0.0,9.387651,0.0,0.0,0.0,0.0,0.0,2
2024-02-08 03:00:00+00:00,20.683498,0.0,6.9527545,0.0,0.0,0.0,0.0,0.0,2
2024-02-08 04:00:00+00:00,19.3835,0.0,5.771239,0.0,0.0,0.0,0.0,0.0,2
2024-02-08 05:00:00+00:00,18.283499,0.0,5.4119864,0.0,0.0,0.0,0.0,0.0,2
2024-02-08 06:00:00+00:00,17.0835,0.0,5.1544156,0.0,0.0,0.0,0.0,0.0,2
2024-02-08 07:00:00+00:00,16.1335,0.0,4.379589,0.0,0.0,0.0,0.0,0.0,2
2024-02-08 08:00:00+00:00,15.3335,0.0,4.379589,0.0,0.0,0.0,0.0,0.0,2
2024-02-08 09:00:00+00:00,14.6335,0.0,3.671294,0.0,0.0,0.0,0.0,0.0,2
2024-02-08 10:00:00+00:00,13.8335,0.0,3.6179552,0.0,0.0,0.0,0.0,0.0,2
2024-02-08 11:00:00+00:00,13.2335005,0.0,3.0758414,0.0,0.0,0.0,0.0,0.0,2
2024-02-08 12:00:00+00:00,12.1335,0.0,2.7416782,0.0,0.0,0.0,0.0,0.0,2
2024-02-08 13:00:00+00:00,11.7335005,0.0,2.5455842,0.0,0.0,0.0,0.0,0.0,2
2024-02-08 14:00:00+00:00,11.6335,0.0,3.096837,0.05,0.1,1.0,0.0,4.0,2
2024-02-08 15:00:00+00:00,14.7835,0.0,1.609969,1.05,1.05,1.0,3600.0,113.0,2
2024-02-08 16:00:00+00:00,18.8835,0.0,0.71999997,2.8,2.9,1.0,3600.0,335.0,2
2024-02-08 17:00:00+00:00,21.433498,0.0,1.484318,4.9,4.9,1.0,3600.0,497.0,2
2024-02-08 18:00:00+00:00,23.433498,0.0,3.6,6.55,6.55,1.0,3600.0,671.0,2
2024-02-08 19:00:00+00:00,26.183498,0.0,8.350138,7.5,7.5,1.0,3600.0,781.0,2
2024-02-08 20:00:00+00:00,27.5835,0.0,12.849528,7.6,7.6,1.0,3600.0,803.0,2
2024-02-08 21:00:00+00:00,27.6335,0.0,15.273505,6.85,6.85,1.0,3600.0,741.0,2
2024-02-08 22:00:00+00:00,27.283499,0.0,15.39184,5.4,5.4,1.0,3600.0,605.0,2
2024-02-08 23:00:00+00:00,27.2335,0.0,15.463244,3.45,3.45,1.0,3600.0,414.0,2
2024-02-09 00:00:00+00:00,26.2335,0.0,14.759999,1.5,1.5,1.0,3600.0,192.0,2
2024-02-09 01:00:00+00:00,23.8335,0.0,12.144331,0.2,0.2,0.0,1550.8162,22.0,2
2024-02-09 02:00:00+00:00,21.5835,0.0,9.3669195,0.0,0.0,0.0,0.0,0.0,2
2024-02-09 03:00:00+00:00,20.283499,0.0,6.87779,0.0,0.0,0.0,0.0,0.0,2
2024-02-09 04:00:00+00:00,18.933498,0.0,5.5887027,0.0,0.0,0.0,0.0,0.0,2
2024-02-09 05:00:00+00:00,17.7335,0.0,5.1544156,0.0,0.0,0.0,0.0,0.0,2
2024-02-09 06:00:00+00:00,16.783499,0.0,5.8048253,0.0,0.0,0.0,0.0,0.0,2
2024-02-09 07:00:00+00:00,15.9835005,0.0,5.0528407,0.0,0.0,0.0,0.0,0.0,2
2024-02-09 08:00:00+00:00,15.1835,0.0,5.0528407,0.0,0.0,0.0,0.0,0.0,2
2024-02-09 09:00:00+00:00,14.2835,0.0,4.379589,0.0,0.0,0.0,0.0,0.0,2
2024-02-09 10:00:00+00:00,13.2335005,0.0,3.671294,0.0,0.0,0.0,0.0,0.0,2
2024-02-09 11:00:00+00:00,12.2335005,0.0,3.319036,0.0,0.0,0.0,0.0,0.0,2
2024-02-09 12:00:00+00:00,10.9335,0.0,2.9024127,0.0,0.0,0.0,0.0,0.0,2
2024-02-09 13:00:00+00:00,10.0335,0.0,2.6208394,0.0,0.0,0.0,0.0,0.0,2
2024-02-09 14:00:00+00:00,9.7835,0.0,3.4152596,0.1,0.1,1.0,0.0,5.0,2
2024-02-09 15:00:00+00:00,13.1835,0.0,1.609969,1.05,1.05,1.0,3600.0,109.0,2
2024-02-09 16:00:00+00:00,17.183498,0.0,2.8799999,2.95,2.95,1.0,3600.0,347.0,2
2024-02-09 17:00:00+00:00,20.3335,0.0,3.9763298,4.95,4.95,1.0,3600.0,547.0,2
2024-02-09 18:00:00+00:00,22.7335,0.0,3.219938,6.6,6.6,1.0,3600.0,697.0,2
2024-02-09 19:00:00+00:00,25.0835,0.0,1.4399999,7.55,7.55,1.0,3600.0,787.0,2
2024-02-09 20:00:00+00:00,27.183498,0.0,3.096837,7.65,7.65,1.0,3600.0,800.0,2
2024-02-09 21:00:00+00:00,28.683498,0.0,7.5942082,6.9,6.9,1.0,3600.0,737.0,2
2024-02-09 22:00:00+00:00,28.933498,0.0,11.503113,5.45,5.45,1.0,3600.0,606.0,2
2024-02-09 23:00:00+00:00,28.0835,0.0,12.522619,3.5,3.5,1.0,3600.0,415.0,2
2024-02-10 00:00:00+00:00,27.3335,0.0,11.966953,1.5,1.5,1.0,3600.0,193.0,2
2024-02-10 01:00:00+00:00,25.1335,0.0,11.367109,0.2,0.2,0.0,1595.4451,23.0,2
2024-02-10 02:00:00+00:00,22.3335,0.0,9.605998,0.0,0.0,0.0,0.0,0.0,2
2024-02-10 03:00:00+00:00,20.683498,0.0,10.182337,0.0,0.0,0.0,0.0,0.0,2
2024-02-10 04:00:00+00:00,19.8835,0.0,12.261158,0.0,0.0,0.0,0.0,0.0,2
2024-02-10 05:00:00+00:00,18.5835,0.0,11.165805,0.0,0.0,0.0,0.0,0.0,2
2024-02-10 06:00:00+00:00,17.7335,0.0,10.086427,0.0,0.0,0.0,0.0,0.0,2
2024-02-10 07:00:00+00:00,17.033499,0.0,7.92,0.0,0.0,0.0,0.0,0.0,2
2024-02-10 08:00:00+00:00,16.5835,0.0,7.2,0.0,0.0,0.0,0.0,0.0,2
2024-02-10 09:00:00+00:00,16.2335,0.0,6.130579,0.0,0.0,0.0,0.0,0.0,2
2024-02-10 10:00:00+00:00,15.5335,0.0,4.3349743,0.0,0.0,0.0,0.0,0.0,2
2024-02-10 11:00:00+00:00,14.7335005,0.0,2.5455842,0.0,0.0,0.0,0.0,0.0,2
2024-02-10 12:00:00+00:00,13.7335005,0.0,2.968636,0.0,0.0,0.0,0.0,0.0,2
2024-02-10 13:00:00+00:00,12.8335,0.0,2.6208394,0.0,0.0,0.0,0.0,0.0,2
2024-02-10 14:00:00+00:00,12.6835,0.0,2.5455842,0.1,0.1,1.0,0.0,5.0,2
2024-02-10 15:00:00+00:00,14.9335,0.0,1.1384199,1.1,1.1,1.0,3600.0,105.0,2
2024-02-10 16:00:00+00:00,17.783499,0.0,2.4149535,2.95,2.95,1.0,3600.0,323.0,2
2024-02-10 17:00:00+00:00,20.3335,0.0,2.3051248,4.8,5.0,1.0,3600.0,532.0,2
2024-02-10 18:00:00+00:00,22.5835,0.0,3.319036,6.6,6.6,1.0,3600.0,573.0,2
2024-02-10 19:00:00+00:00,24.9835,0.0,6.12,7.45,7.55,1.0,3600.0,687.0,2
2024-02-10 20:00:00+00:00,26.683498,0.0,11.200571,7.65,7.65,1.0,3600.0,589.0,2
2024-02-10 21:00:00+00:00,26.8335,0.0,15.7908325,6.2,6.9,1.0,3600.0,356.0,2
2024-02-10 22:00:00+00:00,25.7335,0.0,17.227419,4.5,5.45,1.0,1438.3997,70.0,2
2024-02-10 23:00:00+00:00,24.683498,0.0,20.898611,2.6,3.45,1.0,908.776,44.0,2
2024-02-11 00:00:00+00:00,23.3335,0.0,16.418526,1.05,1.5,1.0,2799.4597,44.0,2
2024-02-11 01:00:00+00:00,21.7335,0.0,14.512064,0.15,0.2,0.0,0.0,4.0,2
2024-02-11 02:00:00+00:00,21.033499,0.0,12.849528,0.0,0.0,0.0,0.0,0.0,2
2024-02-11 03:00:00+00:00,19.783499,0.0,11.384199,0.0,0.0,0.0,0.0,0.0,2
2024-02-11 04:00:00+00:00,18.683498,0.0,8.427383,0.0,0.0,0.0,0.0,0.0,2
2024-02-11 05:00:00+00:00,17.7335,0.0,6.28713,0.0,0.0,0.0,0.0,0.0,2
2024-02-11 06:00:00+00:00,17.0835,0.0,4.452954,0.0,0.0,0.0,0.0,0.0,2
2024-02-11 07:00:00+00:00,16.1835,0.0,3.319036,0.0,0.0,0.0,0.0,0.0,2
2024-02-11 08:00:00+00:00,15.2835,0.0,3.9763298,0.0,0.0,0.0,0.0,0.0,2
2024-02-11 09:00:00+00:00,14.6835,0.0,3.9763298,0.0,0.0,0.0,0.0,0.0,2
2024-02-11 10:00:00+00:00,14.0335,0.0,3.9763298,0.0,0.0,0.0,0.0,0.0,2
2024-02-11 11:00:00+00:00,13.3835,0.0,3.319036,0.0,0.0,0.0,0.0,0.0,2
2024-02-11 12:00:00+00:00,12.8835,0.0,1.8,0.0,0.0,0.0,0.0,0.0,2
2024-02-11 13:00:00+00:00,12.2335005,0.0,2.8799999,0.0,0.0,0.0,0.0,0.0,2
2024-02-11 14:00:00+00:00,12.2335005,0.0,3.0758414,0.1,0.1,1.0,0.0,1.0,2
2024-02-11 15:00:00+00:00,14.1335,0.0,1.835647,1.0,1.1,1.0,3096.654,38.0,2
2024-02-11 16:00:00+00:00,17.683498,0.0,0.71999997,2.75,2.95,1.0,3600.0,195.0,2
2024-02-11 17:00:00+00:00,20.183498,0.0,2.1897945,4.5,4.95,1.0,3600.0,283.0,2
2024-02-11 18:00:00+00:00,20.8335,0.0,1.0182338,5.45,6.55,1.0,3600.0,258.0,2
2024-02-11 19:00:00+00:00,22.933498,0.0,6.5693827,7.5,7.5,1.0,3600.0,203.0,2
2024-02-11 20:00:00+00:00,23.183498,0.0,11.659777,4.65,7.6,1.0,405.56808,60.0,2
2024-02-11 21:00:00+00:00,23.1335,0.0,14.917212,6.2,6.9,1.0,0.0,45.0,2
2024-02-11 22:00:00+00:00,23.033499,0.0,15.546833,5.0,5.4,1.0,2067.8738,84.0,2
2024-02-11 23:00:00+00:00,22.683498,0.0,16.215992,3.15,3.5,1.0,1076.8278,47.0,2
2024-02-12 00:00:00+00:00,22.183498,0.0,12.324414,1.4,1.5,1.0,686.9028,24.0,2
2024-02-12 01:00:00+00:00,20.9835,0.0,7.2805495,0.2,0.2,0.0,0.0,2.0,2
2024-02-12 02:00:00+00:00,19.5835,0.0,4.6102495,0.0,0.0,0.0,0.0,0.0,2
2024-02-12 03:00:00+00:00,18.433498,0.0,5.3999996,0.0,0.0,0.0,0.0,0.0,2
2024-02-12 04:00:00+00:00,17.9835,0.0,5.771239,0.0,0.0,0.0,0.0,0.0,2
2024-02-12 05:00:00+00:00,17.8335,0.0,5.2416787,0.0,0.0,0.0,0.0,0.0,2
2024-02-12 06:00:00+00:00,16.6335,0.0,4.5536795,0.0,0.0,0.0,0.0,0.0,2
2024-02-12 07:00:00+00:00,16.3335,0.0,4.73506,0.0,0.0,0.0,0.0,0.0,2
2024-02-12 08:00:00+00:00,16.2335,0.0,3.219938,0.0,0.0,0.0,0.0,0.0,2
2024-02-12 09:00:00+00:00,15.7835,0.0,3.7585104,0.0,0.0,0.0,0.0,0.0,2
2024-02-12 10:00:00+00:00,15.4335,0.0,2.52,0.0,0.0,0.0,0.0,0.0,2
2024-02-12 11:00:00+00:00,14.9335,0.0,2.9024127,0.0,0.0,0.0,0.0,0.0,2
2024-02-12 12:00:00+00:00,14.0835,0.0,0.8049845,0.0,0.0,0.0,0.0,0.0,2
2024-02-12 13:00:00+00:00,13.7835,0.0,2.0364676,0.0,0.0,0.0,0.0,0.0,2
2024-02-12 14:00:00+00:00,13.8835,0.0,1.9386592,0.05,0.1,1.0,0.0,1.0,2
2024-02-12 15:00:00+00:00,14.8835,0.0,4.3349743,1.0,1.1,1.0,0.0,9.0,2
2024-02-12 16:00:00+00:00,16.6335,0.0,6.4096174,1.75,2.95,1.0,293.66934,31.0,2
2024-02-12 17:00:00+00:00,17.9835,0.0,4.198285,2.6,4.95,1.0,0.0,26.0,2
2024-02-12 18:00:00+00:00,19.283499,0.0,5.3517847,4.8,6.6,1.0,3600.0,173.0,2
2024-02-12 19:00:00+00:00,21.1335,0.0,1.484318,5.45,7.55,1.0,3600.0,163.0,2
2024-02-12 20:00:00+00:00,21.6335,0.0,6.4096174,5.25,7.7,1.0,0.0,28.0,2
2024-02-12 21:00:00+00:00,22.2335,0.0,1.2979984,4.65,6.95,1.0,0.0,39.0,2
2024-02-12 22:00:00+00:00,22.933498,0.0,3.396233,2.4,5.45,1.0,0.0,26.0,2
2024-02-12 23:00:00+00:00,22.9835,0.0,9.114471,1.2,3.5,1.0,0.0,13.0,2
2024-02-13 00:00:00+00:00,22.0835,0.0,9.693296,0.8,1.55,1.0,0.0,1.0,2
2024-02-13 01:00:00+00:00,20.7335,0.0,8.707237,0.1,0.2,0.0,0.0,0.0,2
2024-02-13 02:00:00+00:00,19.533499,0.0,6.4096174,0.0,0.0,0.0,0.0,0.0,2
2024-02-13 03:00:00+00:00,18.783499,0.0,3.6,0.0,0.0,0.0,0.0,0.0,2
2024-02-13 04:00:00+00:00,18.3335,0.0,2.6208394,0.0,0.0,0.0,0.0,0.0,2
2024-02-13 05:00:00+00:00,18.0835,0.0,0.8049845,0.0,0.0,0.0,0.0,0.0,2
2024-02-13 06:00:00+00:00,17.7335,0.0,1.1384199,0.0,0.0,0.0,0.0,0.0,2
2024-02-13 07:00:00+00:00,17.283499,0.0,3.671294,0.0,0.0,0.0,0.0,0.0,2
2024-02-13 08:00:00+00:00,16.6335,0.0,2.8799999,0.0,0.0,0.0,0.0,0.0,2
2024-02-13 09:00:00+00:00,15.8835,0.0,4.6102495,0.0,0.0,0.0,0.0,0.0,2
2024-02-13 10:00:00+00:00,15.2835,0.0,2.6208394,0.0,0.0,0.0,0.0,0.0,2
2024-02-13 11:00:00+00:00,14.8335,0.0,0.8049845,0.0,0.0,0.0,0.0,0.0,2
2024-02-13 12:00:00+00:00,14.5835,0.0,3.2599385,0.0,0.0,0.0,0.0,0.0,2
2024-02-13 13:00:00+00:00,14.4335,0.0,3.6179552,0.0,0.0,0.0,0.0,0.0,2
2024-02-13 14:00:00+00:00,14.3835,0.0,2.968636,0.05,0.1,1.0,0.0,1.0,2
2024-02-13 15:00:00+00:00,15.1835,0.0,4.3349743,0.7,1.1,1.0,1479.6606,26.0,2
2024-02-13 16:00:00+00:00,16.6335,0.0,6.2145634,2.05,3.0,1.0,3166.158,74.0,2
2024-02-13 17:00:00+00:00,18.283499,0.0,8.4042845,4.65,5.0,1.0,3600.0,135.0,2
2024-02-13 18:00:00+00:00,20.5835,0.0,11.298495,6.2,6.65,1.0,3600.0,343.0,2
2024-02-13 19:00:00+00:00,22.7335,0.0,12.181624,6.8,7.6,1.0,3600.0,620.0,2
2024-02-13 20:00:00+00:00,24.1335,0.0,14.84318,5.1,7.75,1.0,3600.0,583.0,2
2024-02-13 21:00:00+00:00,25.1335,0.0,11.966954,5.85,7.0,1.0,3600.0,532.0,2
2024-02-13 22:00:00+00:00,25.533499,0.0,9.0,3.9,5.5,1.0,3600.0,331.0,2
2024-02-13 23:00:00+00:00,24.783499,0.0,8.373386,1.75,3.55,1.0,2496.97,71.0,2
2024-02-14 00:00:00+00:00,21.8335,0.0,7.491114,1.15,1.55,1.0,0.0,15.0,2
2024-02-14 01:00:00+00:00,21.5835,0.0,3.4152596,0.05,0.25,0.0,0.0,4.0,2
2024-02-14 02:00:00+00:00,20.4835,0.0,3.4152596,0.0,0.0,0.0,0.0,0.0,2
2024-02-14 03:00:00+00:00,19.683498,0.0,1.9386592,0.0,0.0,0.0,0.0,0.0,2
2024-02-14 04:00:00+00:00,19.2335,0.0,2.5959969,0.0,0.0,0.0,0.0,0.0,2
2024-02-14 05:00:00+00:00,18.5835,0.0,2.9024127,0.0,0.0,0.0,0.0,0.0,2
2024-02-14 06:00:00+00:00,16.9835,0.0,4.802999,0.0,0.0,0.0,0.0,0.0,2
2024-02-14 07:00:00+00:00,16.9835,0.0,2.2768397,0.0,0.0,0.0,0.0,0.0,2
2024-02-14 08:00:00+00:00,16.683498,0.0,1.835647,0.0,0.0,0.0,0.0,0.0,2
2024-02-14 09:00:00+00:00,16.3335,0.0,3.7064266,0.0,0.0,0.0,0.0,0.0,2
2024-02-14 10:00:00+00:00,16.1335,0.0,1.609969,0.0,0.0,0.0,0.0,0.0,2
2024-02-14 11:00:00+00:00,15.8335,0.0,2.968636,0.0,0.0,0.0,0.0,0.0,2
2024-02-14 12:00:00+00:00,14.4335,0.0,2.16,0.0,0.0,0.0,0.0,0.0,2
2024-02-14 13:00:00+00:00,14.5335,0.0,2.4149535,0.0,0.0,0.0,0.0,0.0,2
2024-02-14 14:00:00+00:00,14.2835,0.0,1.08,0.1,0.1,1.0,0.0,1.0,2
2024-02-14 15:00:00+00:00,15.3835,0.0,1.8,1.05,1.15,1.0,1569.0342,27.0,2
2024-02-14 16:00:00+00:00,16.6335,0.0,1.8,2.35,3.05,1.0,0.0,4.0,2
2024-02-14 17:00:00+00:00,18.4835,0.0,3.8268526,2.6,5.05,1.0,2098.4312,81.0,2
2024-02-14 18:00:00+00:00,18.2335,0.0,6.130579,4.15,6.7,1.0,3600.0,136.0,2
2024-02-14 19:00:00+00:00,17.033499,2.0,6.1305785,4.6,7.7,1.0,0.0,10.0,2
2024-02-14 20:00:00+00:00,15.5335,4.0,7.5170207,2.95,7.8,1.0,0.0,17.0,2
2024-02-14 21:00:00+00:00,14.5335,6.0,3.8773184,2.2,7.05,1.0,0.0,2.0,2
2024-02-14 22:00:00+00:00,14.3835,34.0,5.937272,1.4,5.55,1.0,0.0,6.0,2
2024-02-14 23:00:00+00:00,14.1335,62.0,6.1094027,0.75,3.55,1.0,0.0,0.0,2
2024-02-15 00:00:00+00:00,15.2835,90.0,6.830519,0.55,1.55,1.0,0.0,0.0,2
2024-02-15 01:00:00+00:00,14.4335,62.0,6.130579,0.1,0.25,0.0,0.0,0.0,2
2024-02-15 02:00:00+00:00,13.9835005,34.0,2.52,0.0,0.0,0.0,0.0,0.0,2
2024-02-15 03:00:00+00:00,13.9335,6.0,1.1384199,0.0,0.0,0.0,0.0,0.0,2
2024-02-15 04:00:00+00:00,13.8835,27.0,2.16,0.0,0.0,0.0,0.0,0.0,2
2024-02-15 05:00:00+00:00,13.7335005,47.0,2.16,0.0,0.0,0.0,0.0,0.0,2
2024-02-15 06:00:00+00:00,13.2335005,68.0,1.1384199,0.0,0.0,0.0,0.0,0.0,2
2024-02-15 07:00:00+00:00,13.0835,57.0,3.096837,0.0,0.0,0.0,0.0,0.0,2
2024-02-15 08:00:00+00:00,12.9335,46.0,3.8268526,0.0,0.0,0.0,0.0,0.0,2
2024-02-15 09:00:00+00:00,12.7835,35.0,1.0182338,0.0,0.0,0.0,0.0,0.0,2
2024-02-15 10:00:00+00:00,12.5335,33.0,5.4119864,0.0,0.0,0.0,0.0,0.0,2
2024-02-15 11:00:00+00:00,12.4335,31.0,4.1046314,0.0,0.0,0.0,0.0,0.0,2
2024-02-15 12:00:00+00:00,12.2335005,29.0,2.9024127,0.0,0.0,0.0,0.0,0.0,2
2024-02-15 13:00:00+00:00,12.1835,19.0,2.8116899,0.0,0.0,0.0,0.0,0.0,2
2024-02-15 14:00:00+00:00,12.1835,10.0,2.0364676,0.05,0.1,1.0,0.0,0.0,2
2024-02-15 15:00:00+00:00,13.0335,0.0,1.8,0.65,1.15,1.0,0.0,11.0,2
2024-02-15 16:00:00+00:00,14.8335,0.0,4.2136917,1.9,3.05,1.0,3600.0,82.0,2
2024-02-15 17:00:00+00:00,16.1835,0.0,6.28713,3.6,5.1,1.0,2222.6255,84.0,2
2024-02-15 18:00:00+00:00,17.4835,0.0,6.489992,4.25,6.8,1.0,1630.1704,86.0,2
2024-02-15 19:00:00+00:00,18.283499,0.0,8.049845,2.5,7.75,1.0,1049.03,78.0,2
2024-02-15 20:00:00+00:00,19.4835,0.0,5.3517847,3.35,7.85,1.0,3600.0,217.0,2
2024-02-15 21:00:00+00:00,20.0835,0.0,1.609969,4.65,7.1,1.0,3538.6458,138.0,2
2024-02-15 22:00:00+00:00,20.0835,0.0,9.339208,5.5,5.6,1.0,0.0,11.0,2
2024-02-15 23:00:00+00:00,19.433498,0.0,10.948973,2.6,3.6,1.0,0.0,-2.0,2
2024-02-16 00:00:00+00:00,19.533499,0.0,13.281023,0.95,1.6,1.0,0.0,0.0,2
2024-02-16 01:00:00+00:00,18.4835,1.0,10.630672,0.15,0.25,0.0,0.0,0.0,2
2024-02-16 02:00:00+00:00,17.8335,2.0,7.729527,0.0,0.0,0.0,0.0,0.0,2
2024-02-16 03:00:00+00:00,17.2335,3.0,7.729527,0.0,0.0,0.0,0.0,0.0,2
2024-02-16 04:00:00+00:00,16.783499,4.0,6.193674,0.0,0.0,0.0,0.0,0.0,2
2024-02-16 05:00:00+00:00,16.3335,5.0,4.6102495,0.0,0.0,0.0,0.0,0.0,2
2024-02-16 06:00:00+00:00,15.9835005,6.0,6.193674,0.0,0.0,0.0,0.0,0.0,2
2024-02-16 07:00:00+00:00,15.7835,18.0,6.9247384,0.0,0.0,0.0,0.0,0.0,2
2024-02-16 08:00:00+00:00,15.4835005,30.0,6.12,0.0,0.0,0.0,0.0,0.0,2
2024-02-16 09:00:00+00:00,15.1835,42.0,2.5455842,0.0,0.0,0.0,0.0,0.0,2
2024-02-16 10:00:00+00:00,14.8335,58.0,3.219938,0.0,0.0,0.0,0.0,0.0,2
2024-02-16 11:00:00+00:00,14.6835,74.0,2.5959969,0.0,0.0,0.0,0.0,0.0,2
2024-02-16 12:00:00+00:00,14.0835,90.0,3.0547013,0.0,0.0,0.0,0.0,0.0,2
2024-02-16 13:00:00+00:00,13.8835,93.0,3.8268526,0.0,0.0,0.0,0.0,0.0,2
2024-02-16 14:00:00+00:00,13.8335,97.0,1.9386592,0.0,0.1,1.0,0.0,0.0,2
2024-02-16 15:00:00+00:00,13.9335,100.0,3.396233,0.15,1.15,1.0,0.0,0.0,2
2024-02-16 16:00:00+00:00,14.2835,99.0,3.096837,0.45,3.05,1.0,0.0,2.0,2
2024-02-16 17:00:00+00:00,14.8335,98.0,3.096837,0.45,5.05,1.0,0.0,1.0,2
2024-02-16 18:00:00+00:00,15.1835,97.0,2.0991426,1.05,6.75,1.0,0.0,3.0,2
2024-02-16 19:00:00+00:00,15.8335,97.0,7.491114,0.75,7.7,1.0,0.0,20.0,2
2024-02-16 20:00:00+00:00,15.5835,97.0,12.031756,1.15,7.85,1.0,0.0,13.0,2
2024-02-16 21:00:00+00:00,15.2835,97.0,14.973577,0.95,7.05,1.0,0.0,5.0,2
2024-02-16 22:00:00+00:00,15.2335005,98.0,9.1641035,0.7,5.55,1.0,0.0,0.0,2
2024-02-16 23:00:00+00:00,15.1335,99.0,5.4119864,0.45,3.6,1.0,0.0,-1.0,2
2024-02-17 00:00:00+00:00,14.5335,100.0,5.815978,0.2,1.6,1.0,0.0,-1.0,2
2024-02-17 01:00:00+00:00,14.0835,99.0,6.6185193,0.05,0.25,0.0,0.0,0.0,2
2024-02-17 02:00:00+00:00,13.8335,98.0,6.489992,0.0,0.0,0.0,0.0,0.0,2
2024-02-17 03:00:00+00:00,13.7835,97.0,6.379216,0.0,0.0,0.0,0.0,0.0,2
2024-02-17 04:00:00+00:00,13.7835,98.0,2.9024127,0.0,0.0,0.0,0.0,0.0,2
2024-02-17 05:00:00+00:00,13.6835,99.0,2.6208394,0.0,0.0,0.0,0.0,0.0,2
2024-02-17 06:00:00+00:00,12.9835005,100.0,1.8,0.0,0.0,0.0,0.0,0.0,2
2024-02-17 07:00:00+00:00,12.9335,68.0,1.609969,0.0,0.0,0.0,0.0,0.0,2
2024-02-17 08:00:00+00:00,12.7835,35.0,2.0991426,0.0,0.0,0.0,0.0,0.0,2
2024-02-17 09:00:00+00:00,12.5835,3.0,3.396233,0.0,0.0,0.0,0.0,0.0,2
2024-02-17 10:00:00+00:00,12.1835,10.0,3.4152596,0.0,0.0,0.0,0.0,0.0,2
2024-02-17 11:00:00+00:00,11.5335,16.0,3.671294,0.0,0.0,0.0,0.0,0.0,2
2024-02-17 12:00:00+00:00,11.4835005,23.0,3.0758414,0.0,0.0,0.0,0.0,0.0,2
2024-02-17 13:00:00+00:00,10.9835005,28.0,2.4149535,0.0,0.0,0.0,0.0,0.0,2
2024-02-17 14:00:00+00:00,10.7335005,34.0,2.4149535,0.05,0.1,1.0,0.0,6.0,2
2024-02-17 15:00:00+00:00,12.3335,39.0,1.4399999,0.9,1.2,1.0,3600.0,99.0,2
2024-02-17 16:00:00+00:00,14.0335,40.0,4.6938252,3.1,3.1,1.0,3600.0,246.0,2
2024-02-17 17:00:00+00:00,15.4835005,41.0,5.7599998,5.1,5.1,1.0,3600.0,359.0,2
2024-02-17 18:00:00+00:00,16.8835,42.0,7.9932976,6.7,6.7,1.0,3600.0,469.0,2
2024-02-17 19:00:00+00:00,17.8835,28.0,11.252519,7.65,7.65,1.0,3600.0,540.0,2
2024-02-17 20:00:00+00:00,18.3835,14.0,15.725037,7.8,7.8,1.0,3600.0,539.0,2
2024-02-17 21:00:00+00:00,18.2335,0.0,16.645864,7.05,7.05,1.0,3600.0,528.0,2
2024-02-17 22:00:00+00:00,18.2335,0.0,14.24163,5.6,5.6,1.0,3600.0,437.0,2
2024-02-17 23:00:00+00:00,17.9835,0.0,13.891522,3.65,3.65,1.0,3600.0,377.0,2
2024-02-18 00:00:00+00:00,18.0835,0.0,10.1887,1.65,1.65,1.0,3600.0,190.0,2
2024-02-18 01:00:00+00:00,16.6335,0.0,6.638072,0.25,0.25,0.0,1858.013,28.0,2
2024-02-18 02:00:00+00:00,15.0835,0.0,4.6102495,0.0,0.0,0.0,0.0,0.0,2
2024-02-18 03:00:00+00:00,13.6835,0.0,4.0249224,0.0,0.0,0.0,0.0,0.0,2
2024-02-18 04:00:00+00:00,12.4335,0.0,4.452954,0.0,0.0,0.0,0.0,0.0,2
2024-02-18 05:00:00+00:00,11.4835005,0.0,4.2136917,0.0,0.0,0.0,0.0,0.0,2
2024-02-18 06:00:00+00:00,11.3835,0.0,3.319036,0.0,0.0,0.0,0.0,0.0,2
2024-02-18 07:00:00+00:00,11.0335,0.0,2.9024127,0.0,0.0,0.0,0.0,0.0,2
2024-02-18 08:00:00+00:00,10.6835,0.0,3.0758414,0.0,0.0,0.0,0.0,0.0,2
2024-02-18 09:00:00+00:00,10.3835,0.0,2.16,0.0,0.0,0.0,0.0,0.0,2
2024-02-18 10:00:00+00:00,9.7835,0.0,3.219938,0.0,0.0,0.0,0.0,0.0,2
2024-02-18 11:00:00+00:00,9.9335,0.0,1.2979984,0.0,0.0,0.0,0.0,0.0,2
2024-02-18 12:00:00+00:00,9.7835,0.0,2.16,0.0,0.0,0.0,0.0,0.0,2
2024-02-18 13:00:00+00:00,9.8835,0.0,2.2768397,0.0,0.0,0.0,0.0,0.0,2
2024-02-18 14:00:00+00:00,9.7335005,0.0,1.609969,0.1,0.1,1.0,525.3885,13.0,2
2024-02-18 15:00:00+00:00,10.6835,0.0,2.5455842,1.2,1.2,1.0,3600.0,159.0,2
2024-02-18 16:00:00+00:00,12.8835,0.0,6.2145634,3.15,3.15,1.0,3600.0,381.0,2
2024-02-18 17:00:00+00:00,14.8835,0.0,9.346143,5.2,5.2,1.0,3600.0,583.0,2
2024-02-18 18:00:00+00:00,17.533499,0.0,8.557102,6.9,6.9,1.0,3600.0,736.0,2
2024-02-18 19:00:00+00:00,19.183498,0.0,8.891344,7.85,7.85,1.0,3600.0,820.0,2
2024-02-18 20:00:00+00:00,20.8335,0.0,8.557102,7.95,7.95,1.0,3600.0,830.0,2
2024-02-18 21:00:00+00:00,21.8835,0.0,6.9527545,7.2,7.2,1.0,3600.0,765.0,2
2024-02-18 22:00:00+00:00,22.4835,0.0,4.5536795,5.75,5.75,1.0,3600.0,630.0,2
2024-02-18 23:00:00+00:00,22.4835,0.0,1.2979984,3.75,3.75,1.0,3600.0,439.0,2
2024-02-19 00:00:00+00:00,22.533499,0.0,2.7416782,1.7,1.7,1.0,3600.0,213.0,2
2024-02-19 01:00:00+00:00,20.683498,0.0,3.9763298,0.25,0.25,0.0,1888.5668,31.0,2
2024-02-19 02:00:00+00:00,18.1335,0.0,5.0528407,0.0,0.0,0.0,0.0,0.0,2
2024-02-19 03:00:00+00:00,15.9335,0.0,5.8048253,0.0,0.0,0.0,0.0,0.0,2
2024-02-19 04:00:00+00:00,14.4835005,0.0,5.8603754,0.0,0.0,0.0,0.0,0.0,2
2024-02-19 05:00:00+00:00,13.3335,0.0,5.8048253,0.0,0.0,0.0,0.0,0.0,2
2024-02-19 06:00:00+00:00,11.8835,0.0,5.4119864,0.0,0.0,0.0,0.0,0.0,2
2024-02-19 07:00:00+00:00,11.0335,0.0,5.4477882,0.0,0.0,0.0,0.0,0.0,2
2024-02-19 08:00:00+00:00,10.4835005,0.0,5.4477882,0.0,0.0,0.0,0.0,0.0,2
2024-02-19 09:00:00+00:00,9.7335005,0.0,4.5536795,0.0,0.0,0.0,0.0,0.0,2
2024-02-19 10:00:00+00:00,8.6835,0.0,4.0249224,0.0,0.0,0.0,0.0,0.0,2
2024-02-19 11:00:00+00:00,7.8835,0.0,3.8939953,0.0,0.0,0.0,0.0,0.0,2
2024-02-19 12:00:00+00:00,8.2335,0.0,3.319036,0.0,0.0,0.0,0.0,0.0,2
2024-02-19 13:00:00+00:00,8.6335,0.0,2.9024127,0.0,0.0,0.0,0.0,0.0,2
2024-02-19 14:00:00+00:00,9.1335,0.0,2.8116899,0.1,0.1,1.0,452.35687,12.0,2
2024-02-19 15:00:00+00:00,11.0835,0.0,0.71999997,1.25,1.25,1.0,3600.0,155.0,2
2024-02-19 16:00:00+00:00,14.6835,0.0,2.6208394,3.25,3.25,1.0,3600.0,375.0,2
2024-02-19 17:00:00+00:00,18.1335,0.0,4.0249224,5.3,5.3,1.0,3600.0,581.0,2
2024-02-19 18:00:00+00:00,20.433498,0.0,3.671294,6.95,6.95,1.0,3600.0,738.0,2
2024-02-19 19:00:00+00:00,22.8835,0.0,2.0991426,7.95,7.95,1.0,3600.0,827.0,2
2024-02-19 20:00:00+00:00,24.683498,0.0,1.2979984,8.05,8.05,1.0,3600.0,841.0,2
2024-02-19 21:00:00+00:00,25.783499,0.0,1.9386592,7.3,7.3,1.0,3600.0,776.0,2
2024-02-19 22:00:00+00:00,26.2335,0.0,3.5455887,5.8,5.8,1.0,3600.0,638.0,2
2024-02-19 23:00:00+00:00,26.1335,0.0,5.3517847,3.75,3.75,1.0,3600.0,443.0,2
2024-02-20 00:00:00+00:00,26.2335,0.0,7.5942082,1.7,1.7,1.0,3600.0,217.0,2
2024-02-20 01:00:00+00:00,23.533499,0.0,5.6233797,0.25,0.25,0.0,1918.5846,32.0,2
2024-02-20 02:00:00+00:00,20.3335,0.0,5.3517847,0.0,0.0,0.0,0.0,0.0,2
2024-02-20 03:00:00+00:00,17.683498,0.0,5.0528407,0.0,0.0,0.0,0.0,0.0,2
2024-02-20 04:00:00+00:00,15.9335,0.0,4.896529,0.0,0.0,0.0,0.0,0.0,2
2024-02-20 05:00:00+00:00,14.6835,0.0,4.452954,0.0,0.0,0.0,0.0,0.0,2
2024-02-20 06:00:00+00:00,15.8335,0.0,3.2599385,0.0,0.0,0.0,0.0,0.0,2
2024-02-20 07:00:00+00:00,15.5335,0.0,3.2399998,0.0,0.0,0.0,0.0,0.0,2
2024-02-20 08:00:00+00:00,15.9835005,0.0,2.16,0.0,0.0,0.0,0.0,0.0,2
2024-02-20 09:00:00+00:00,15.8835,0.0,0.71999997,0.0,0.0,0.0,0.0,0.0,2
2024-02-20 10:00:00+00:00,14.9335,0.0,1.9386592,0.0,0.0,0.0,0.0,0.0,2
2024-02-20 11:00:00+00:00,13.7835,0.0,3.396233,0.0,0.0,0.0,0.0,0.0,2
2024-02-20 12:00:00+00:00,12.5335,0.0,2.968636,0.0,0.0,0.0,0.0,0.0,2
2024-02-20 13:00:00+00:00,11.6335,0.0,2.9024127,0.0,0.0,0.0,0.0,0.0,2
2024-02-20 14:00:00+00:00,11.1835,0.0,2.2768397,0.15,0.15,1.0,457.22824,12.0,2
2024-02-20 15:00:00+00:00,12.9835005,0.0,1.9386592,1.3,1.3,1.0,3600.0,159.0,2
2024-02-20 16:00:00+00:00,17.183498,0.0,2.1897945,3.3,3.3,1.0,3600.0,383.0,2
2024-02-20 17:00:00+00:00,20.783499,0.0,4.379589,5.4,5.4,1.0,3600.0,590.0,2
2024-02-20 18:00:00+00:00,24.9835,0.0,4.0249224,7.05,7.05,1.0,3600.0,748.0,2
2024-02-20 19:00:00+00:00,26.933498,0.0,4.829907,8.05,8.05,1.0,3600.0,842.0,2
2024-02-20 20:00:00+00:00,28.7335,0.0,6.489992,8.15,8.15,1.0,3600.0,858.0,2
2024-02-20 21:00:00+00:00,29.3335,0.0,5.771239,7.4,7.4,1.0,3600.0,796.0,2
2024-02-20 22:00:00+00:00,29.3335,0.0,4.0249224,5.85,5.85,1.0,3600.0,655.0,2
2024-02-20 23:00:00+00:00,28.9835,0.0,3.319036,3.85,3.85,1.0,3600.0,454.0,2
2024-02-21 00:00:00+00:00,28.3835,0.0,2.7416782,1.75,1.75,1.0,3600.0,224.0,2
2024-02-21 01:00:00+00:00,25.9835,0.0,4.072935,0.3,0.3,0.0,1948.0535,33.0,2
2024-02-21 02:00:00+00:00,22.9835,0.0,5.4833565,0.0,0.0,0.0,0.0,0.0,2
2024-02-21 03:00:00+00:00,20.3835,0.0,6.519877,0.0,0.0,0.0,0.0,0.0,2
2024-02-21 04:00:00+00:00,18.6335,0.0,8.209263,0.0,0.0,0.0,0.0,0.0,2
2024-02-21 05:00:00+00:00,18.3835,0.0,7.0911775,0.0,0.0,0.0,0.0,0.0,2
2024-02-21 06:00:00+00:00,16.8335,0.0,5.4477882,0.0,0.0,0.0,0.0,0.0,2
2024-02-21 07:00:00+00:00,15.7335005,0.0,4.3349743,0.0,0.0,0.0,0.0,0.0,2
2024-02-21 08:00:00+00:00,14.4835005,0.0,4.452954,0.0,0.0,0.0,0.0,0.0,2
2024-02-21 09:00:00+00:00,13.3835,0.0,3.5455887,0.0,0.0,0.0,0.0,0.0,2
2024-02-21 10:00:00+00:00,12.2335005,0.0,2.8116899,0.0,0.0,0.0,0.0,0.0,2
2024-02-21 11:00:00+00:00,12.6335,0.0,2.0364676,0.0,0.0,0.0,0.0,0.0,2
2024-02-21 12:00:00+00:00,13.0835,0.0,1.0182338,0.0,0.0,0.0,0.0,0.0,2
2024-02-21 13:00:00+00:00,12.8835,0.0,0.8049845,0.0,0.0,0.0,0.0,0.0,2
2024-02-21 14:00:00+00:00,12.8335,0.0,1.2979984,0.15,0.15,1.0,546.20734,13.0,2
2024-02-21 15:00:00+00:00,14.2835,0.0,0.5091169,1.3,1.3,1.0,3600.0,160.0,2
2024-02-21 16:00:00+00:00,17.933498,0.0,2.968636,3.3,3.3,1.0,3600.0,382.0,2
2024-02-21 17:00:00+00:00,21.283499,0.0,4.379589,5.4,5.4,1.0,3600.0,589.0,2
2024-02-21 18:00:00+00:00,23.783499,0.0,3.96,7.1,7.1,1.0,3600.0,744.0,2
2024-02-21 19:00:00+00:00,26.3335,0.0,2.5455842,8.1,8.1,1.0,3600.0,834.0,2
2024-02-21 20:00:00+00:00,28.433498,0.0,1.8,8.2,8.2,1.0,3600.0,850.0,2
2024-02-21 21:00:00+00:00,29.533499,0.0,2.52,7.45,7.45,1.0,3600.0,788.0,2
2024-02-21 22:00:00+00:00,29.683498,0.0,4.6800003,5.9,5.9,1.0,3600.0,649.0,2
2024-02-21 23:00:00+00:00,29.3335,0.0,5.8048253,3.85,3.85,1.0,3600.0,453.0,2
2024-02-22 00:00:00+00:00,28.8835,0.0,5.6233797,1.75,1.75,1.0,3600.0,225.0,2
2024-02-22 01:00:00+00:00,26.3335,0.0,4.8965297,0.3,0.3,0.0,1976.9779,34.0,2
2024-02-22 02:00:00+00:00,23.0835,0.0,5.0142193,0.0,0.0,0.0,0.0,0.0,2
2024-02-22 03:00:00+00:00,20.5835,0.0,4.6938252,0.0,0.0,0.0,0.0,0.0,2
2024-02-22 04:00:00+00:00,18.683498,0.0,5.04,0.0,0.0,0.0,0.0,0.0,2
2024-02-22 05:00:00+00:00,17.3335,0.0,5.4119864,0.0,0.0,0.0,0.0,0.0,2
2024-02-22 06:00:00+00:00,16.5835,0.0,5.506941,0.0,0.0,0.0,0.0,0.0,2
2024-02-22 07:00:00+00:00,16.2335,0.0,5.4477882,0.0,0.0,0.0,0.0,0.0,2
2024-02-22 08:00:00+00:00,15.8335,0.0,5.4119864,0.0,0.0,0.0,0.0,0.0,2
2024-02-22 09:00:00+00:00,15.3835,0.0,4.6938252,0.0,0.0,0.0,0.0,0.0,2
2024-02-22 10:00:00+00:00,14.6835,0.0,4.3349743,0.0,0.0,0.0,0.0,0.0,2
2024-02-22 11:00:00+00:00,13.9835005,0.0,4.0249224,0.0,0.0,0.0,0.0,0.0,2
2024-02-22 12:00:00+00:00,12.8835,0.0,3.0758414,0.0,0.0,0.0,0.0,0.0,2
2024-02-22 13:00:00+00:00,12.2335005,0.0,3.096837,0.0,0.0,0.0,0.0,0.0,2
2024-02-22 14:00:00+00:00,11.7335005,0.0,3.396233,0.15,0.15,1.0,551.92334,13.0,2
2024-02-22 15:00:00+00:00,15.0335,0.0,1.8,1.35,1.35,1.0,3600.0,162.0,2
2024-02-22 16:00:00+00:00,19.9835,0.0,1.1384199,3.35,3.35,1.0,3600.0,387.0,2
2024-02-22 17:00:00+00:00,22.8335,0.0,1.484318,5.45,5.45,1.0,3600.0,595.0,2
2024-02-22 18:00:00+00:00,25.533499,0.0,3.8268526,7.15,7.15,1.0,3600.0,754.0,2
2024-02-22 19:00:00+00:00,27.683498,0.0,6.3690495,8.1,8.1,1.0,3600.0,845.0,2
2024-02-22 20:00:00+00:00,29.283499,0.0,8.942214,8.2,8.2,1.0,3600.0,859.0,2
2024-02-22 21:00:00+00:00,29.783499,0.0,11.4862,7.45,7.45,1.0,3600.0,795.0,2
2024-02-22 22:00:00+00:00,29.683498,0.0,12.24,5.95,5.95,1.0,3600.0,660.0,2
2024-02-22 23:00:00+00:00,29.2335,0.0,12.7279215,3.8,3.9,1.0,3600.0,463.0,2
2024-02-23 00:00:00+00:00,28.3335,0.0,11.435313,1.7,1.75,1.0,3600.0,232.0,2
2024-02-23 01:00:00+00:00,25.8335,0.0,7.7879906,0.3,0.3,0.0,2005.2977,36.0,2
2024-02-23 02:00:00+00:00,23.2335,0.0,6.28713,0.0,0.0,0.0,0.0,0.0,2
2024-02-23 03:00:00+00:00,20.9835,0.0,5.8048253,0.0,0.0,0.0,0.0,0.0,2
2024-02-23 04:00:00+00:00,19.0835,0.0,5.8048253,0.0,0.0,0.0,0.0,0.0,2
2024-02-23 05:00:00+00:00,17.533499,0.0,5.5887027,0.0,0.0,0.0,0.0,0.0,2
2024-02-23 06:00:00+00:00,16.533499,0.0,5.937272,0.0,0.0,0.0,0.0,0.0,2
2024-02-23 07:00:00+00:00,15.4835005,0.0,5.2416787,0.0,0.0,0.0,0.0,0.0,2
2024-02-23 08:00:00+00:00,14.6335,0.0,5.2416787,0.0,0.0,0.0,0.0,0.0,2
2024-02-23 09:00:00+00:00,13.7835,0.0,4.452954,0.0,0.0,0.0,0.0,0.0,2
2024-02-23 10:00:00+00:00,12.5835,0.0,4.5536795,0.0,0.0,0.0,0.0,0.0,2
2024-02-23 11:00:00+00:00,11.5335,0.0,4.3498964,0.0,0.0,0.0,0.0,0.0,2
2024-02-23 12:00:00+00:00,10.0335,0.0,3.6,0.0,0.0,0.0,0.0,0.0,2
2024-02-23 13:00:00+00:00,9.2335005,0.0,3.6,0.0,0.0,0.0,0.0,0.0,2
2024-02-23 14:00:00+00:00,9.5335,0.0,3.7064266,0.15,0.15,1.0,202.04678,9.0,2
2024-02-23 15:00:00+00:00,12.9335,0.0,1.2979984,1.35,1.35,1.0,3600.0,131.0,2
2024-02-23 16:00:00+00:00,17.4835,0.0,2.968636,3.4,3.4,1.0,3600.0,359.0,2
2024-02-23 17:00:00+00:00,20.8835,0.0,3.5455887,5.45,5.5,1.0,3600.0,578.0,2
2024-02-23 18:00:00+00:00,24.433498,0.0,1.4399999,7.1,7.2,1.0,3600.0,704.0,2
2024-02-23 19:00:00+00:00,26.8335,0.0,3.7064266,8.15,8.2,1.0,3600.0,851.0,2
2024-02-23 20:00:00+00:00,28.8835,0.0,4.8433046,8.3,8.3,1.0,3600.0,864.0,2
2024-02-23 21:00:00+00:00,30.183498,0.0,7.7043357,7.5,7.5,1.0,3600.0,797.0,2
2024-02-23 22:00:00+00:00,30.4835,0.0,10.990322,6.0,6.0,1.0,3600.0,659.0,2
2024-02-23 23:00:00+00:00,29.783499,0.0,11.983188,3.9,3.9,1.0,3600.0,462.0,2
2024-02-24 00:00:00+00:00,29.283499,0.0,11.304229,1.8,1.8,1.0,3600.0,231.0,2
2024-02-24 01:00:00+00:00,26.683498,0.0,8.669949,0.3,0.3,0.0,2033.0056,37.0,2
2024-02-24 02:00:00+00:00,23.933498,0.0,6.6087217,0.0,0.0,0.0,0.0,0.0,2
2024-02-24 03:00:00+00:00,21.533499,0.0,5.4119864,0.0,0.0,0.0,0.0,0.0,2
2024-02-24 04:00:00+00:00,19.283499,0.0,5.1544156,0.0,0.0,0.0,0.0,0.0,2
2024-02-24 05:00:00+00:00,17.3835,0.0,5.3517847,0.0,0.0,0.0,0.0,0.0,2
2024-02-24 06:00:00+00:00,15.8335,0.0,5.0142193,0.0,0.0,0.0,0.0,0.0,2
2024-02-24 07:00:00+00:00,14.7335005,0.0,4.5536795,0.0,0.0,0.0,0.0,0.0,2
2024-02-24 08:00:00+00:00,13.8335,0.0,4.5536795,0.0,0.0,0.0,0.0,0.0,2
2024-02-24 09:00:00+00:00,13.0335,0.0,4.5536795,0.0,0.0,0.0,0.0,0.0,2
2024-02-24 10:00:00+00:00,12.1835,0.0,4.5536795,0.0,0.0,0.0,0.0,0.0,2
2024-02-24 11:00:00+00:00,11.4335,0.0,3.396233,0.0,0.0,0.0,0.0,0.0,2
2024-02-24 12:00:00+00:00,11.4335,0.0,2.7416782,0.0,0.0,0.0,0.0,0.0,2
2024-02-24 13:00:00+00:00,12.9335,0.0,2.3051248,0.0,0.0,0.0,0.0,0.0,2
2024-02-24 14:00:00+00:00,13.5835,0.0,1.1384199,0.15,0.15,1.0,470.90536,12.0,2
2024-02-24 15:00:00+00:00,15.2835,0.0,1.9386592,1.4,1.4,1.0,3600.0,140.0,2
2024-02-24 16:00:00+00:00,18.683498,0.0,5.0528407,3.45,3.45,1.0,3600.0,345.0,2
2024-02-24 17:00:00+00:00,22.033499,0.0,8.4042845,5.05,5.6,1.0,3600.0,594.0,2
2024-02-24 18:00:00+00:00,25.283499,0.0,5.4477882,6.85,7.25,1.0,3600.0,761.0,2
2024-02-24 19:00:00+00:00,27.783499,0.0,3.671294,8.0,8.25,1.0,3600.0,800.0,2
2024-02-24 20:00:00+00:00,29.7335,0.0,1.9386592,8.35,8.35,1.0,3600.0,814.0,2
2024-02-24 21:00:00+00:00,30.7335,0.0,2.1897945,7.6,7.6,1.0,3600.0,737.0,2
2024-02-24 22:00:00+00:00,31.183498,0.0,4.1046314,5.85,6.05,1.0,3600.0,615.0,2
2024-02-24 23:00:00+00:00,31.1335,0.0,7.386582,3.85,3.95,1.0,3600.0,429.0,2
2024-02-25 00:00:00+00:00,30.5835,0.0,9.178235,1.85,1.85,1.0,3600.0,199.0,2
2024-02-25 01:00:00+00:00,28.033499,0.0,7.145796,0.3,0.3,0.0,2060.1123,30.0,2
2024-02-25 02:00:00+00:00,25.183498,0.0,5.904439,0.0,0.0,0.0,0.0,0.0,2
2024-02-25 03:00:00+00:00,22.683498,0.0,5.8603754,0.0,0.0,0.0,0.0,0.0,2
2024-02-25 04:00:00+00:00,20.9835,0.0,7.0911775,0.0,0.0,0.0,0.0,0.0,2
2024-02-25 05:00:00+00:00,20.183498,0.0,7.5685663,0.0,0.0,0.0,0.0,0.0,2
2024-02-25 06:00:00+00:00,19.3835,0.0,6.638072,0.0,0.0,0.0,0.0,0.0,2
2024-02-25 07:00:00+00:00,18.3335,0.0,5.506941,0.0,0.0,0.0,0.0,0.0,2
2024-02-25 08:00:00+00:00,17.3335,0.0,5.2416787,0.0,0.0,0.0,0.0,0.0,2
2024-02-25 09:00:00+00:00,16.2335,0.0,4.5536795,0.0,0.0,0.0,0.0,0.0,2
2024-02-25 10:00:00+00:00,15.3835,0.0,4.73506,0.0,0.0,0.0,0.0,0.0,2
2024-02-25 11:00:00+00:00,14.7835,0.0,3.671294,0.0,0.0,0.0,0.0,0.0,2
2024-02-25 12:00:00+00:00,13.0835,0.0,2.9024127,0.0,0.0,0.0,0.0,0.0,2
2024-02-25 13:00:00+00:00,13.0335,0.0,2.4149535,0.0,0.0,0.0,0.0,0.0,2
2024-02-25 14:00:00+00:00,13.9335,0.0,2.0991426,0.15,0.15,1.0,565.68524,13.0,2
2024-02-25 15:00:00+00:00,16.533499,0.0,0.71999997,1.4,1.4,1.0,3600.0,164.0,2
2024-02-25 16:00:00+00:00,20.1335,0.0,3.396233,3.5,3.5,1.0,3600.0,391.0,2
2024-02-25 17:00:00+00:00,23.533499,0.0,4.198285,5.6,5.6,1.0,3600.0,597.0,2
2024-02-25 18:00:00+00:00,26.533499,0.0,4.2136917,7.3,7.3,1.0,3600.0,753.0,2
2024-02-25 19:00:00+00:00,28.9835,0.0,5.506941,8.3,8.3,1.0,3600.0,841.0,2
2024-02-25 20:00:00+00:00,30.933498,0.0,5.3517847,8.4,8.4,1.0,3600.0,854.0,2
2024-02-25 21:00:00+00:00,31.7335,0.0,3.0547013,7.6,7.6,1.0,3600.0,789.0,2
2024-02-25 22:00:00+00:00,32.0835,0.0,3.319036,6.05,6.05,1.0,3600.0,654.0,2
2024-02-25 23:00:00+00:00,31.8335,0.0,4.3498964,3.95,3.95,1.0,3600.0,458.0,2
2024-02-26 00:00:00+00:00,30.8335,0.0,4.829907,1.85,1.85,1.0,3600.0,229.0,2
2024-02-26 01:00:00+00:00,28.783499,0.0,5.6233797,0.3,0.3,0.0,2086.65,37.0,2
2024-02-26 02:00:00+00:00,25.933498,0.0,6.763786,0.0,0.0,0.0,0.0,0.0,2
2024-02-26 03:00:00+00:00,23.933498,0.0,7.2359104,0.0,0.0,0.0,0.0,0.0,2
2024-02-26 04:00:00+00:00,23.283499,0.0,9.47012,0.0,0.0,0.0,0.0,0.0,2
2024-02-26 05:00:00+00:00,22.533499,0.0,8.759178,0.0,0.0,0.0,0.0,0.0,2
2024-02-26 06:00:00+00:00,21.6335,0.0,7.5942073,0.0,0.0,0.0,0.0,0.0,2
2024-02-26 07:00:00+00:00,20.6335,0.0,6.5693827,0.0,0.0,0.0,0.0,0.0,2
2024-02-26 08:00:00+00:00,19.933498,0.0,6.0347,0.0,0.0,0.0,0.0,0.0,2
2024-02-26 09:00:00+00:00,19.0835,0.0,5.1544156,0.0,0.0,0.0,0.0,0.0,2
2024-02-26 10:00:00+00:00,18.0835,0.0,4.2136917,0.0,0.0,0.0,0.0,0.0,2
2024-02-26 11:00:00+00:00,16.933498,0.0,3.396233,0.0,0.0,0.0,0.0,0.0,2
2024-02-26 12:00:00+00:00,15.1335,0.0,3.096837,0.0,0.0,0.0,0.0,0.0,2
2024-02-26 13:00:00+00:00,14.1335,0.0,2.9024127,0.0,0.0,0.0,0.0,0.0,2
2024-02-26 14:00:00+00:00,13.8835,0.0,3.5455887,0.15,0.15,1.0,948.32715,17.0,2
2024-02-26 15:00:00+00:00,17.6335,0.0,1.484318,1.4,1.45,1.0,3600.0,175.0,2
2024-02-26 16:00:00+00:00,21.933498,0.0,3.0547013,3.5,3.5,1.0,3600.0,397.0,2
2024-02-26 17:00:00+00:00,24.4835,0.0,3.8268526,5.65,5.65,1.0,3600.0,602.0,2
2024-02-26 18:00:00+00:00,27.433498,0.0,4.0249224,7.3,7.3,1.0,3600.0,756.0,2
2024-02-26 19:00:00+00:00,29.7335,0.0,4.3349743,8.3,8.3,1.0,3600.0,847.0,2
2024-02-26 20:00:00+00:00,31.433498,0.0,4.5536795,8.4,8.4,1.0,3600.0,859.0,2
2024-02-26 21:00:00+00:00,32.2835,0.0,5.3999996,7.6,7.6,1.0,3600.0,791.0,2
2024-02-26 22:00:00+00:00,32.3835,0.0,8.287822,6.05,6.05,1.0,3600.0,651.0,2
2024-02-26 23:00:00+00:00,31.8335,0.0,11.119281,3.95,3.95,1.0,3600.0,456.0,2
2024-02-27 00:00:00+00:00,30.8835,0.0,10.028439,1.85,1.85,1.0,3600.0,229.0,2
2024-02-27 01:00:00+00:00,28.8335,0.0,7.729527,0.3,0.3,0.0,2112.6355,37.0,2
2024-02-27 02:00:00+00:00,26.183498,0.0,8.699793,0.0,0.0,0.0,0.0,0.0,2
2024-02-27 03:00:00+00:00,24.283499,0.0,11.304229,0.0,0.0,0.0,0.0,0.0,2
2024-02-27 04:00:00+00:00,23.1335,0.0,10.086427,0.0,0.0,0.0,0.0,0.0,2
2024-02-27 05:00:00+00:00,22.3835,0.0,7.9526596,0.0,0.0,0.0,0.0,0.0,2
2024-02-27 06:00:00+00:00,21.783499,0.0,7.5599995,0.0,0.0,0.0,0.0,0.0,2
2024-02-27 07:00:00+00:00,21.033499,0.0,6.849467,0.0,0.0,0.0,0.0,0.0,2
2024-02-27 08:00:00+00:00,20.1335,0.0,4.73506,0.0,0.0,0.0,0.0,0.0,2
2024-02-27 09:00:00+00:00,19.183498,0.0,3.6179552,0.0,0.0,0.0,0.0,0.0,2
2024-02-27 10:00:00+00:00,18.033499,0.0,3.6179552,0.0,0.0,0.0,0.0,0.0,2
2024-02-27 11:00:00+00:00,17.1335,0.0,3.0758414,0.0,0.0,0.0,0.0,0.0,2
2024-02-27 12:00:00+00:00,15.2335005,0.0,3.0758414,0.0,0.0,0.0,0.0,0.0,2
2024-02-27 13:00:00+00:00,14.4335,0.0,2.5959969,0.0,0.0,0.0,0.0,0.0,2
2024-02-27 14:00:00+00:00,14.2835,0.0,2.5959969,0.2,0.2,1.0,1055.8438,18.0,2
2024-02-27 15:00:00+00:00,18.0835,0.0,0.8049845,1.45,1.45,1.0,3600.0,178.0,2
2024-02-27 16:00:00+00:00,21.933498,0.0,1.5273507,3.55,3.55,1.0,3600.0,401.0,2
2024-02-27 17:00:00+00:00,24.6335,0.0,1.9386592,5.65,5.65,1.0,3600.0,606.0,2
2024-02-27 18:00:00+00:00,27.183498,0.0,2.1897945,7.35,7.35,1.0,3600.0,759.0,2
2024-02-27 19:00:00+00:00,29.3335,0.0,4.8965297,8.3,8.3,1.0,3600.0,846.0,2
2024-02-27 20:00:00+00:00,30.8335,0.0,8.0899935,8.4,8.4,1.0,3600.0,852.0,2
2024-02-27 21:00:00+00:00,31.283499,0.0,12.641076,7.6,7.6,1.0,3600.0,786.0,2
2024-02-27 22:00:00+00:00,31.0835,0.0,14.24163,6.05,6.05,1.0,3600.0,647.0,2
2024-02-27 23:00:00+00:00,30.533499,0.0,14.372974,4.0,4.0,1.0,3600.0,448.0,2
2024-02-28 00:00:00+00:00,29.0835,0.0,13.584932,1.85,1.85,1.0,3600.0,218.0,2
2024-02-28 01:00:00+00:00,26.7335,0.0,14.113652,0.35,0.35,0.0,2138.088,37.0,2
2024-02-28 02:00:00+00:00,24.283499,0.0,12.879752,0.0,0.0,0.0,0.0,0.0,2
2024-02-28 03:00:00+00:00,22.8835,0.0,10.739833,0.0,0.0,0.0,0.0,0.0,2
2024-02-28 04:00:00+00:00,22.0835,0.0,9.0645685,0.0,0.0,0.0,0.0,0.0,2
2024-02-28 05:00:00+00:00,21.283499,0.0,7.2805495,0.0,0.0,0.0,0.0,0.0,2
2024-02-28 06:00:00+00:00,20.5835,0.0,6.87779,0.0,0.0,0.0,0.0,0.0,2
2024-02-28 07:00:00+00:00,19.5835,0.0,5.771239,0.0,0.0,0.0,0.0,0.0,2
2024-02-28 08:00:00+00:00,18.683498,0.0,5.0528407,0.0,0.0,0.0,0.0,0.0,2
2024-02-28 09:00:00+00:00,17.6335,0.0,4.1046314,0.0,0.0,0.0,0.0,0.0,2
2024-02-28 10:00:00+00:00,16.3835,0.0,3.8773184,0.0,0.0,0.0,0.0,0.0,2
2024-02-28 11:00:00+00:00,15.2335005,0.0,3.5455887,0.0,0.0,0.0,0.0,0.0,2
2024-02-28 12:00:00+00:00,13.2835,0.0,3.319036,0.0,0.0,0.0,0.0,0.0,2
2024-02-28 13:00:00+00:00,12.4835005,0.0,2.7416782,0.0,0.0,0.0,0.0,0.0,2
2024-02-28 14:00:00+00:00,12.3335,0.0,3.4152596,0.2,0.2,1.0,1265.3646,20.0,2
2024-02-28 15:00:00+00:00,16.3335,0.0,1.8,1.45,1.5,1.0,3600.0,189.0,2
2024-02-28 16:00:00+00:00,20.933498,0.0,1.609969,3.55,3.55,1.0,3600.0,417.0,2
2024-02-28 17:00:00+00:00,23.683498,0.0,2.2768397,5.7,5.7,1.0,3600.0,626.0,2
2024-02-28 18:00:00+00:00,26.9835,0.0,4.0249224,6.85,7.4,1.0,3600.0,784.0,2
2024-02-28 19:00:00+00:00,28.9835,0.0,5.2416787,8.35,8.35,1.0,3600.0,877.0,2
2024-02-28 20:00:00+00:00,30.4835,0.0,4.3498964,8.05,8.45,1.0,3600.0,888.0,2
2024-02-28 21:00:00+00:00,31.2335,0.0,5.0911684,7.2,7.65,1.0,3600.0,812.0,2
2024-02-28 22:00:00+00:00,31.3335,0.0,5.95906,5.55,6.1,1.0,3600.0,664.0,2
2024-02-28 23:00:00+00:00,30.783499,0.0,8.209263,3.6,4.0,1.0,3600.0,424.0,2
2024-02-29 00:00:00+00:00,29.7335,0.0,8.654986,1.7,1.85,1.0,3600.0,131.0,2
2024-02-29 01:00:00+00:00,27.5835,0.0,6.9247384,0.3,0.35,0.0,917.0129,16.0,2
2024-02-29 02:00:00+00:00,24.933498,0.0,5.2416787,0.0,0.0,0.0,0.0,0.0,2
2024-02-29 03:00:00+00:00,22.7335,0.0,5.04,0.0,0.0,0.0,0.0,0.0,2
2024-02-29 04:00:00+00:00,21.3835,0.0,7.5942073,0.0,0.0,0.0,0.0,0.0,2
2024-02-29 05:00:00+00:00,20.7335,0.0,7.172949,0.0,0.0,0.0,0.0,0.0,2
2024-02-29 06:00:00+00:00,19.683498,0.0,6.151683,0.0,0.0,0.0,0.0,0.0,2
2024-02-29 07:00:00+00:00,18.5835,0.0,5.3517847,0.0,0.0,0.0,0.0,0.0,2
2024-02-29 08:00:00+00:00,17.6335,0.0,4.896529,0.0,0.0,0.0,0.0,0.0,2
2024-02-29 09:00:00+00:00,16.7335,0.0,4.5536795,0.0,0.0,0.0,0.0,0.0,2
2024-02-29 10:00:00+00:00,16.0835,0.0,4.5536795,0.0,0.0,0.0,0.0,0.0,2
2024-02-29 11:00:00+00:00,15.3335,0.0,3.8773184,0.0,0.0,0.0,0.0,0.0,2
2024-02-29 12:00:00+00:00,13.1835,0.0,3.396233,0.0,0.0,0.0,0.0,0.0,2
2024-02-29 13:00:00+00:00,12.5335,0.0,2.5959969,0.0,0.0,0.0,0.0,0.0,2
2024-02-29 14:00:00+00:00,12.9335,0.0,2.9024127,0.2,0.2,1.0,1381.1453,21.0,2
2024-02-29 15:00:00+00:00,16.8335,0.0,0.71999997,1.5,1.5,1.0,3600.0,191.0,2
2024-02-29 16:00:00+00:00,21.433498,0.0,2.5455842,3.6,3.6,1.0,3600.0,419.0,2
2024-02-29 17:00:00+00:00,24.3835,0.0,2.4149535,5.75,5.75,1.0,3600.0,627.0,2
2024-02-29 18:00:00+00:00,27.183498,0.0,5.991594,7.45,7.45,1.0,3600.0,783.0,2
2024-02-29 19:00:00+00:00,29.283499,0.0,10.948973,8.3,8.4,1.0,3600.0,868.0,2
2024-02-29 20:00:00+00:00,29.783499,0.0,17.654688,8.35,8.5,1.0,3600.0,809.0,2
2024-02-29 21:00:00+00:00,29.783499,0.0,17.414476,7.0,7.7,1.0,3600.0,746.0,2
2024-02-29 22:00:00+00:00,29.533499,0.0,16.62249,5.4,6.1,1.0,3600.0,418.0,2
2024-02-29 23:00:00+00:00,28.9835,0.0,18.043148,3.6,4.05,1.0,3600.0,354.0,2
